T0055G0005S0135,data/extracted/c_500/data/category1/G0005/session01/T0055G0005S0135.wav,我的淘宝密码忘记了
T0055G0005S0319,data/extracted/c_500/data/category1/G0005/session01/T0055G0005S0319.wav,给马海航发短信说我爱你
T0055G0005S0317,data/extracted/c_500/data/category1/G0005/session01/T0055G0005S0317.wav,明天上午九点开会
T0055G0005S0251,data/extracted/c_500/data/category1/G0005/session01/T0055G0005S0251.wav,素有中国药都称号的城市是哪
T0055G0005S0329,data/extracted/c_500/data/category1/G0005/session01/T0055G0005S0329.wav,感冒难受怎么办
T0055G0005S0058,data/extracted/c_500/data/category1/G0005/session01/T0055G0005S0058.wav,有没有其他的声音
T0055G0005S0026,data/extracted/c_500/data/category1/G0005/session01/T0055G0005S0026.wav,今天见到你一点都不高兴
T0055G0005S0485,data/extracted/c_500/data/category1/G0005/session01/T0055G0005S0485.wav,一千万韩元换其他货币
T0055G0005S0261,data/extracted/c_500/data/category1/G0005/session01/T0055G0005S0261.wav,我家养的狗叫什么名字
T0055G0005S0375,data/extracted/c_500/data/category1/G0005/session01/T0055G0005S0375.wav,我不需要这些内容
T0055G0005S0100,data/extracted/c_500/data/category1/G0005/session01/T0055G0005S0100.wav,我的具体位置是
T0055G0005S0480,data/extracted/c_500/data/category1/G0005/session01/T0055G0005S0480.wav,我还不累 你累了
T0055G0005S0303,data/extracted/c_500/data/category1/G0005/session01/T0055G0005S0303.wav,拨打肯德基外卖电话
T0055G0005S0178,data/extracted/c_500/data/category1/G0005/session01/T0055G0005S0178.wav,毛泽东是你的谁
T0055G0005S0425,data/extracted/c_500/data/category1/G0005/session01/T0055G0005S0425.wav,打开文件管理器里面的AV
T0055G0005S0276,data/extracted/c_500/data/category1/G0005/session01/T0055G0005S0276.wav,播放张信哲的歌曲过火
T0055G0005S0476,data/extracted/c_500/data/category1/G0005/session01/T0055G0005S0476.wav,附近哪里有外卖
T0055G0005S0094,data/extracted/c_500/data/category1/G0005/session01/T0055G0005S0094.wav,成都市蔬菜批发市场
T0055G0005S0326,data/extracted/c_500/data/category1/G0005/session01/T0055G0005S0326.wav,此业务查询范围仅限大连地区吗？
T0055G0005S0477,data/extracted/c_500/data/category1/G0005/session01/T0055G0005S0477.wav,我觉得奶奶一个人好孤单啊在家想回家看看
T0055G0005S0098,data/extracted/c_500/data/category1/G0005/session01/T0055G0005S0098.wav,几种语言你会几种语言
T0055G0005S0270,data/extracted/c_500/data/category1/G0005/session01/T0055G0005S0270.wav,六十二兆可以装多少东西
T0055G0005S0177,data/extracted/c_500/data/category1/G0005/session01/T0055G0005S0177.wav,帮我拨一首歌曲
T0055G0005S0389,data/extracted/c_500/data/category1/G0005/session01/T0055G0005S0389.wav,不良笑花 主题曲？？ 潘玮柏唱的！
T0055G0005S0184,data/extracted/c_500/data/category1/G0005/session01/T0055G0005S0184.wav,杭州哪家医院最好
T0055G0005S0170,data/extracted/c_500/data/category1/G0005/session01/T0055G0005S0170.wav,那么大一活人走掉你要看不到才奇怪
T0055G0005S0444,data/extracted/c_500/data/category1/G0005/session01/T0055G0005S0444.wav,去上海站怎么走
T0055G0005S0491,data/extracted/c_500/data/category1/G0005/session01/T0055G0005S0491.wav,翻译i love you
T0055G0005S0431,data/extracted/c_500/data/category1/G0005/session01/T0055G0005S0431.wav,我想吃麻婆豆腐
T0055G0005S0268,data/extracted/c_500/data/category1/G0005/session01/T0055G0005S0268.wav,明天早上九点钟叫醒我
T0055G0005S0165,data/extracted/c_500/data/category1/G0005/session01/T0055G0005S0165.wav,我想听广岛之恋
T0055G0005S0101,data/extracted/c_500/data/category1/G0005/session01/T0055G0005S0101.wav,新疆的小吃包括啥
T0055G0005S0404,data/extracted/c_500/data/category1/G0005/session01/T0055G0005S0404.wav,你肯定装了探头，我才刚刚到被窝!
T0055G0005S0234,data/extracted/c_500/data/category1/G0005/session01/T0055G0005S0234.wav,百度搜索文征明
T0055G0005S0458,data/extracted/c_500/data/category1/G0005/session01/T0055G0005S0458.wav,太阳更红，长虹更新
T0055G0005S0449,data/extracted/c_500/data/category1/G0005/session01/T0055G0005S0449.wav,你知道我的家是哪里的吗
T0055G0005S0318,data/extracted/c_500/data/category1/G0005/session01/T0055G0005S0318.wav,我问的问题怎么一样都回答不上来呀
T0055G0005S0409,data/extracted/c_500/data/category1/G0005/session01/T0055G0005S0409.wav,谷歌和中国的关系
T0055G0005S0087,data/extracted/c_500/data/category1/G0005/session01/T0055G0005S0087.wav,奥迪汽车怎么样
T0055G0005S0225,data/extracted/c_500/data/category1/G0005/session01/T0055G0005S0225.wav,信不信我打爆你
T0055G0005S0451,data/extracted/c_500/data/category1/G0005/session01/T0055G0005S0451.wav,有哪些笑话网站
T0055G0005S0043,data/extracted/c_500/data/category1/G0005/session01/T0055G0005S0043.wav,没关系过来吧一个班的找我帮你讲题嘛
T0055G0005S0323,data/extracted/c_500/data/category1/G0005/session01/T0055G0005S0323.wav,把你的照片拿出来看看
T0055G0005S0435,data/extracted/c_500/data/category1/G0005/session01/T0055G0005S0435.wav,小子自信是什么意思
T0055G0005S0097,data/extracted/c_500/data/category1/G0005/session01/T0055G0005S0097.wav,查车辆违章信息
T0055G0005S0210,data/extracted/c_500/data/category1/G0005/session01/T0055G0005S0210.wav,以后要叫我主人
T0055G0005S0175,data/extracted/c_500/data/category1/G0005/session01/T0055G0005S0175.wav,你一边凉快去吧
T0055G0005S0027,data/extracted/c_500/data/category1/G0005/session01/T0055G0005S0027.wav,为什么南京最漂亮
T0055G0005S0029,data/extracted/c_500/data/category1/G0005/session01/T0055G0005S0029.wav,我跟妈妈吵架了
T0055G0005S0407,data/extracted/c_500/data/category1/G0005/session01/T0055G0005S0407.wav,你能给我一点钱花吗
T0055G0005S0275,data/extracted/c_500/data/category1/G0005/session01/T0055G0005S0275.wav,中华人民共和国是哪年成立的
T0055G0005S0018,data/extracted/c_500/data/category1/G0005/session01/T0055G0005S0018.wav,我没打啊怎么招人骚扰啦
T0055G0005S0473,data/extracted/c_500/data/category1/G0005/session01/T0055G0005S0473.wav,那他叫什么名字吗
T0055G0005S0446,data/extracted/c_500/data/category1/G0005/session01/T0055G0005S0446.wav,福安到厦门的动车票
T0055G0005S0023,data/extracted/c_500/data/category1/G0005/session01/T0055G0005S0023.wav,关掉软件打开百度视频
T0055G0005S0137,data/extracted/c_500/data/category1/G0005/session01/T0055G0005S0137.wav,晚饭吃的什么呀
T0055G0005S0054,data/extracted/c_500/data/category1/G0005/session01/T0055G0005S0054.wav,请问西红柿炒鸡蛋怎么做
T0055G0005S0039,data/extracted/c_500/data/category1/G0005/session01/T0055G0005S0039.wav,爸妈，我在外边很好！请你们放心，工作很顺利！
T0055G0005S0468,data/extracted/c_500/data/category1/G0005/session01/T0055G0005S0468.wav,二十分钟后自动关机
T0055G0005S0129,data/extracted/c_500/data/category1/G0005/session01/T0055G0005S0129.wav,你敢不这么二吗
T0055G0005S0020,data/extracted/c_500/data/category1/G0005/session01/T0055G0005S0020.wav,那赶紧说去哪儿玩
T0055G0005S0014,data/extracted/c_500/data/category1/G0005/session01/T0055G0005S0014.wav,今天港币汇率计算
T0055G0005S0265,data/extracted/c_500/data/category1/G0005/session01/T0055G0005S0265.wav,我旁边有头猪怎么办
T0055G0005S0496,data/extracted/c_500/data/category1/G0005/session01/T0055G0005S0496.wav,你能重复我说的话吗
T0055G0005S0092,data/extracted/c_500/data/category1/G0005/session01/T0055G0005S0092.wav,太没文化没素质没文化
T0055G0005S0192,data/extracted/c_500/data/category1/G0005/session01/T0055G0005S0192.wav,菜都冷了你就在路上买点东西吃吧
T0055G0005S0257,data/extracted/c_500/data/category1/G0005/session01/T0055G0005S0257.wav,唱首歌两只老虎
T0055G0005S0369,data/extracted/c_500/data/category1/G0005/session01/T0055G0005S0369.wav,附近最近的桑拿在哪里
T0055G0005S0272,data/extracted/c_500/data/category1/G0005/session01/T0055G0005S0272.wav,我说 以后你叫我美女
T0055G0005S0316,data/extracted/c_500/data/category1/G0005/session01/T0055G0005S0316.wav,为什么无法打开通讯录
T0055G0005S0118,data/extracted/c_500/data/category1/G0005/session01/T0055G0005S0118.wav,帮我下载个导航
T0055G0005S0208,data/extracted/c_500/data/category1/G0005/session01/T0055G0005S0208.wav,我听见你说话我就说不出来话了
T0055G0005S0075,data/extracted/c_500/data/category1/G0005/session01/T0055G0005S0075.wav,请帮我查一下 上海南站的电话号码
T0055G0005S0126,data/extracted/c_500/data/category1/G0005/session01/T0055G0005S0126.wav,有你陪我说话 我就不无聊了
T0055G0005S0342,data/extracted/c_500/data/category1/G0005/session01/T0055G0005S0342.wav,讲一个我没有听过的故事
T0055G0005S0277,data/extracted/c_500/data/category1/G0005/session01/T0055G0005S0277.wav,那你怎么还在睡觉睡得跟猪一样
T0055G0005S0355,data/extracted/c_500/data/category1/G0005/session01/T0055G0005S0355.wav,如果你喜欢我
T0055G0005S0179,data/extracted/c_500/data/category1/G0005/session01/T0055G0005S0179.wav,讲个笑话我今天
T0055G0005S0202,data/extracted/c_500/data/category1/G0005/session01/T0055G0005S0202.wav,八百六十七加上二百零一等于多少
T0055G0005S0120,data/extracted/c_500/data/category1/G0005/session01/T0055G0005S0120.wav,你放心吧，这点小事我一定做好不就得了吗。
T0055G0005S0046,data/extracted/c_500/data/category1/G0005/session01/T0055G0005S0046.wav,你说话我怎么听不懂呀
T0055G0005S0051,data/extracted/c_500/data/category1/G0005/session01/T0055G0005S0051.wav,一夜泰明角色歌
T0055G0005S0090,data/extracted/c_500/data/category1/G0005/session01/T0055G0005S0090.wav,唱一首 我爱你中国
T0055G0005S0400,data/extracted/c_500/data/category1/G0005/session01/T0055G0005S0400.wav,你可以边放歌边舞让我看吗
T0055G0005S0334,data/extracted/c_500/data/category1/G0005/session01/T0055G0005S0334.wav,最近的娱乐场所
T0055G0005S0420,data/extracted/c_500/data/category1/G0005/session01/T0055G0005S0420.wav,我会爱你一辈子
T0055G0005S0085,data/extracted/c_500/data/category1/G0005/session01/T0055G0005S0085.wav,我想喝饮料没钱
T0055G0005S0258,data/extracted/c_500/data/category1/G0005/session01/T0055G0005S0258.wav,亲爱的你到底在哪里
T0055G0005S0447,data/extracted/c_500/data/category1/G0005/session01/T0055G0005S0447.wav,你说的上面句是什么意思
T0055G0005S0113,data/extracted/c_500/data/category1/G0005/session01/T0055G0005S0113.wav,日本女排队长荒木
T0055G0005S0367,data/extracted/c_500/data/category1/G0005/session01/T0055G0005S0367.wav,有卖这东西吗？
T0055G0005S0211,data/extracted/c_500/data/category1/G0005/session01/T0055G0005S0211.wav,五个小时以后叫醒我
T0055G0005S0374,data/extracted/c_500/data/category1/G0005/session01/T0055G0005S0374.wav,查看今日头条新闻
T0055G0005S0032,data/extracted/c_500/data/category1/G0005/session01/T0055G0005S0032.wav,遵义乌江民族风情
T0055G0005S0313,data/extracted/c_500/data/category1/G0005/session01/T0055G0005S0313.wav,能给我讲一个儿童故事吗
T0055G0005S0162,data/extracted/c_500/data/category1/G0005/session01/T0055G0005S0162.wav,你会给宝宝起名字吗
T0055G0005S0131,data/extracted/c_500/data/category1/G0005/session01/T0055G0005S0131.wav,你的家是什么样子的
T0055G0005S0324,data/extracted/c_500/data/category1/G0005/session01/T0055G0005S0324.wav,如果是假性闭经，那怎样才能重新有月经
T0055G0005S0280,data/extracted/c_500/data/category1/G0005/session01/T0055G0005S0280.wav,请问一下我这个手机型号是多少
T0055G0005S0472,data/extracted/c_500/data/category1/G0005/session01/T0055G0005S0472.wav,你们全家都是傻逼是不是
T0055G0005S0243,data/extracted/c_500/data/category1/G0005/session01/T0055G0005S0243.wav,中国第三大城市
T0055G0005S0288,data/extracted/c_500/data/category1/G0005/session01/T0055G0005S0288.wav,自己开车从中行
T0055G0005S0155,data/extracted/c_500/data/category1/G0005/session01/T0055G0005S0155.wav,我要听首歌明白吗
T0055G0005S0040,data/extracted/c_500/data/category1/G0005/session01/T0055G0005S0040.wav,播放歌曲 我想和你去吹吹风
T0055G0005S0422,data/extracted/c_500/data/category1/G0005/session01/T0055G0005S0422.wav,我喜欢你的下面
T0055G0005S0348,data/extracted/c_500/data/category1/G0005/session01/T0055G0005S0348.wav,换一首难听死了
T0055G0005S0083,data/extracted/c_500/data/category1/G0005/session01/T0055G0005S0083.wav,明天上午八点整叫我
T0055G0005S0185,data/extracted/c_500/data/category1/G0005/session01/T0055G0005S0185.wav,我女朋友漂亮吗
T0055G0005S0068,data/extracted/c_500/data/category1/G0005/session01/T0055G0005S0068.wav,从我这里怎么去深圳莲塘
T0055G0005S0102,data/extracted/c_500/data/category1/G0005/session01/T0055G0005S0102.wav,跟你睡一晚要多少钱
T0055G0005S0452,data/extracted/c_500/data/category1/G0005/session01/T0055G0005S0452.wav,我非常爱她放弃她会不会让她受重伤
T0055G0005S0442,data/extracted/c_500/data/category1/G0005/session01/T0055G0005S0442.wav,点名了 你要不要过来和老师说
T0055G0005S0227,data/extracted/c_500/data/category1/G0005/session01/T0055G0005S0227.wav,儿童吃什么钙片好
T0055G0005S0187,data/extracted/c_500/data/category1/G0005/session01/T0055G0005S0187.wav,我们一起去玩儿嘛
T0055G0005S0325,data/extracted/c_500/data/category1/G0005/session01/T0055G0005S0325.wav,所以说二零一三
T0055G0005S0487,data/extracted/c_500/data/category1/G0005/session01/T0055G0005S0487.wav,怎么训练兔子不随地大小便
T0055G0005S0469,data/extracted/c_500/data/category1/G0005/session01/T0055G0005S0469.wav,你一定长的很漂亮
T0055G0005S0439,data/extracted/c_500/data/category1/G0005/session01/T0055G0005S0439.wav,福州明天最高气温是多少
T0055G0005S0362,data/extracted/c_500/data/category1/G0005/session01/T0055G0005S0362.wav,最好就好好的呗
T0055G0005S0064,data/extracted/c_500/data/category1/G0005/session01/T0055G0005S0064.wav,给我介绍几款游戏
T0055G0005S0239,data/extracted/c_500/data/category1/G0005/session01/T0055G0005S0239.wav,北京到维也纳的机票多少钱
T0055G0005S0357,data/extracted/c_500/data/category1/G0005/session01/T0055G0005S0357.wav,此信息请不要扩散
T0055G0005S0437,data/extracted/c_500/data/category1/G0005/session01/T0055G0005S0437.wav,长治明天出太阳吗
T0055G0005S0240,data/extracted/c_500/data/category1/G0005/session01/T0055G0005S0240.wav,江东门西街公交车站这附近哪有银行和网吧?
T0055G0005S0134,data/extracted/c_500/data/category1/G0005/session01/T0055G0005S0134.wav,喂不要放音乐了
T0055G0005S0358,data/extracted/c_500/data/category1/G0005/session01/T0055G0005S0358.wav,你妈妈叫什么名字
T0055G0005S0219,data/extracted/c_500/data/category1/G0005/session01/T0055G0005S0219.wav,你耳朵有毛病是吧
T0055G0005S0109,data/extracted/c_500/data/category1/G0005/session01/T0055G0005S0109.wav,兰博基尼多少钱
T0055G0005S0065,data/extracted/c_500/data/category1/G0005/session01/T0055G0005S0065.wav,五羊本田摩托车
T0055G0005S0410,data/extracted/c_500/data/category1/G0005/session01/T0055G0005S0410.wav,清远泌尿科有效治疗前列腺
T0055G0005S0001,data/extracted/c_500/data/category1/G0005/session01/T0055G0005S0001.wav,仙游沙溪中学七年级
T0055G0005S0074,data/extracted/c_500/data/category1/G0005/session01/T0055G0005S0074.wav,给白彭成打电话
T0055G0005S0434,data/extracted/c_500/data/category1/G0005/session01/T0055G0005S0434.wav,高雄今天天气如何
T0055G0005S0467,data/extracted/c_500/data/category1/G0005/session01/T0055G0005S0467.wav,东莞到成都的火车
T0055G0005S0147,data/extracted/c_500/data/category1/G0005/session01/T0055G0005S0147.wav,你是不是处女了
T0055G0005S0365,data/extracted/c_500/data/category1/G0005/session01/T0055G0005S0365.wav,以后记得叫我帅哥
T0055G0005S0411,data/extracted/c_500/data/category1/G0005/session01/T0055G0005S0411.wav,老子对你无语了
T0055G0005S0093,data/extracted/c_500/data/category1/G0005/session01/T0055G0005S0093.wav,我爸爸的儿子是谁
T0055G0005S0488,data/extracted/c_500/data/category1/G0005/session01/T0055G0005S0488.wav,那我就叫你老婆
T0055G0005S0191,data/extracted/c_500/data/category1/G0005/session01/T0055G0005S0191.wav,我想听长篇小说
T0055G0005S0186,data/extracted/c_500/data/category1/G0005/session01/T0055G0005S0186.wav,这个礼拜天我们休双休日，我回家的
T0055G0005S0381,data/extracted/c_500/data/category1/G0005/session01/T0055G0005S0381.wav,帮我找一下罗店帝豪KTV
T0055G0005S0209,data/extracted/c_500/data/category1/G0005/session01/T0055G0005S0209.wav,这个多少钱翻译成德语
T0055G0005S0229,data/extracted/c_500/data/category1/G0005/session01/T0055G0005S0229.wav,唱周杰伦的 搁浅
T0055G0005S0466,data/extracted/c_500/data/category1/G0005/session01/T0055G0005S0466.wav,人民代表大会制度
T0055G0005S0248,data/extracted/c_500/data/category1/G0005/session01/T0055G0005S0248.wav,查一下徐州旅游景点
T0055G0005S0156,data/extracted/c_500/data/category1/G0005/session01/T0055G0005S0156.wav,要我去接你？
T0055G0005S0180,data/extracted/c_500/data/category1/G0005/session01/T0055G0005S0180.wav,来一首别在我离开之前离开
T0055G0005S0464,data/extracted/c_500/data/category1/G0005/session01/T0055G0005S0464.wav,二零零九年蚌埠医学院在本省的二本投档线?
T0055G0005S0309,data/extracted/c_500/data/category1/G0005/session01/T0055G0005S0309.wav,听歌 听妈妈的话
T0055G0005S0354,data/extracted/c_500/data/category1/G0005/session01/T0055G0005S0354.wav,唱一首歌叫做三只小熊
T0055G0005S0009,data/extracted/c_500/data/category1/G0005/session01/T0055G0005S0009.wav,唐山哪儿有三星I七八八手机
T0055G0005S0278,data/extracted/c_500/data/category1/G0005/session01/T0055G0005S0278.wav,你在说什么呢
T0055G0005S0002,data/extracted/c_500/data/category1/G0005/session01/T0055G0005S0002.wav,白色五菱宏光的图片
T0055G0005S0394,data/extracted/c_500/data/category1/G0005/session01/T0055G0005S0394.wav,王宝强主演的泰囧
T0055G0005S0344,data/extracted/c_500/data/category1/G0005/session01/T0055G0005S0344.wav,今天天气怎么样 明天天气怎么样
T0055G0005S0106,data/extracted/c_500/data/category1/G0005/session01/T0055G0005S0106.wav,播放歌曲离家的孩子
T0055G0005S0154,data/extracted/c_500/data/category1/G0005/session01/T0055G0005S0154.wav,北京遇上西雅图 公映日期
T0055G0005S0383,data/extracted/c_500/data/category1/G0005/session01/T0055G0005S0383.wav,十六点叫我起床
T0055G0005S0297,data/extracted/c_500/data/category1/G0005/session01/T0055G0005S0297.wav,演员潘长江的身高
T0055G0005S0004,data/extracted/c_500/data/category1/G0005/session01/T0055G0005S0004.wav,美女哪里有美女
T0055G0005S0110,data/extracted/c_500/data/category1/G0005/session01/T0055G0005S0110.wav,我的宝贝是多多
T0055G0005S0262,data/extracted/c_500/data/category1/G0005/session01/T0055G0005S0262.wav,介绍几部新电影吗
T0055G0005S0474,data/extracted/c_500/data/category1/G0005/session01/T0055G0005S0474.wav,给我打开 我相信
T0055G0005S0494,data/extracted/c_500/data/category1/G0005/session01/T0055G0005S0494.wav,你太会说话 我特别喜欢你
T0055G0005S0427,data/extracted/c_500/data/category1/G0005/session01/T0055G0005S0427.wav,该怎样你才有面子呀
T0055G0005S0140,data/extracted/c_500/data/category1/G0005/session01/T0055G0005S0140.wav,怎么去南宁饭店
T0055G0005S0218,data/extracted/c_500/data/category1/G0005/session01/T0055G0005S0218.wav,明天早上六点半叫我
T0055G0005S0116,data/extracted/c_500/data/category1/G0005/session01/T0055G0005S0116.wav,我跟大姐说了年后请他吃饭安排好时间哈大忙妮
T0055G0005S0062,data/extracted/c_500/data/category1/G0005/session01/T0055G0005S0062.wav,恩忙你的吧哼哼我总觉得你傻了
T0055G0005S0022,data/extracted/c_500/data/category1/G0005/session01/T0055G0005S0022.wav,啊真厉害怎么考的呀准备面试了哦
T0055G0005S0470,data/extracted/c_500/data/category1/G0005/session01/T0055G0005S0470.wav,你要不要睡觉了
T0055G0005S0033,data/extracted/c_500/data/category1/G0005/session01/T0055G0005S0033.wav,我想你没有听明白
T0055G0005S0047,data/extracted/c_500/data/category1/G0005/session01/T0055G0005S0047.wav,我不喜欢听英文
T0055G0005S0282,data/extracted/c_500/data/category1/G0005/session01/T0055G0005S0282.wav,晚上回来吃晚饭吗
T0055G0005S0291,data/extracted/c_500/data/category1/G0005/session01/T0055G0005S0291.wav,国务院副总理都是哪几位
T0055G0005S0336,data/extracted/c_500/data/category1/G0005/session01/T0055G0005S0336.wav,再来一首真的好想你
T0055G0005S0424,data/extracted/c_500/data/category1/G0005/session01/T0055G0005S0424.wav,今天国内的重大新闻
T0055G0005S0341,data/extracted/c_500/data/category1/G0005/session01/T0055G0005S0341.wav,我睡不着怎么办啊
T0055G0005S0395,data/extracted/c_500/data/category1/G0005/session01/T0055G0005S0395.wav,帮我下载浏览器
T0055G0005S0207,data/extracted/c_500/data/category1/G0005/session01/T0055G0005S0207.wav,拨打幺三二七五九九六六八八
T0055G0005S0405,data/extracted/c_500/data/category1/G0005/session01/T0055G0005S0405.wav,北京明天天气怎么样
T0055G0005S0500,data/extracted/c_500/data/category1/G0005/session01/T0055G0005S0500.wav,播放 北京北京 歌曲
T0055G0005S0012,data/extracted/c_500/data/category1/G0005/session01/T0055G0005S0012.wav,帮我设置明天早上九点的闹钟
T0055G0005S0441,data/extracted/c_500/data/category1/G0005/session01/T0055G0005S0441.wav,你觉得iphone五好用吗
T0055G0005S0222,data/extracted/c_500/data/category1/G0005/session01/T0055G0005S0222.wav,这个工作，真辛苦你了
T0055G0005S0281,data/extracted/c_500/data/category1/G0005/session01/T0055G0005S0281.wav,你准备什么时候去
T0055G0005S0088,data/extracted/c_500/data/category1/G0005/session01/T0055G0005S0088.wav,是你惹我生气了
T0055G0005S0497,data/extracted/c_500/data/category1/G0005/session01/T0055G0005S0497.wav,今天的十二点叫醒我
T0055G0005S0049,data/extracted/c_500/data/category1/G0005/session01/T0055G0005S0049.wav,王海涛能活到多大
T0055G0005S0138,data/extracted/c_500/data/category1/G0005/session01/T0055G0005S0138.wav,打开安卓优化大师
T0055G0005S0220,data/extracted/c_500/data/category1/G0005/session01/T0055G0005S0220.wav,把菜拿回来你家没菜呢
T0055G0005S0267,data/extracted/c_500/data/category1/G0005/session01/T0055G0005S0267.wav,今天晚上六点钟提醒我给房东打电话
T0055G0005S0025,data/extracted/c_500/data/category1/G0005/session01/T0055G0005S0025.wav,我要坐公交车到开发区
T0055G0005S0337,data/extracted/c_500/data/category1/G0005/session01/T0055G0005S0337.wav,翻译打电话怎么说
T0055G0005S0217,data/extracted/c_500/data/category1/G0005/session01/T0055G0005S0217.wav,给我唱亲爱的小孩
T0055G0005S0148,data/extracted/c_500/data/category1/G0005/session01/T0055G0005S0148.wav,下载歌曲好了伤疤忘了疼
T0055G0005S0048,data/extracted/c_500/data/category1/G0005/session01/T0055G0005S0048.wav,找最近的QQ朋友
T0055G0005S0205,data/extracted/c_500/data/category1/G0005/session01/T0055G0005S0205.wav,忘记给你钱了 你身上一分钱也没有了吧
T0055G0005S0112,data/extracted/c_500/data/category1/G0005/session01/T0055G0005S0112.wav,我和你讲个笑话
T0055G0005S0345,data/extracted/c_500/data/category1/G0005/session01/T0055G0005S0345.wav,马云的兴趣爱好
T0055G0005S0212,data/extracted/c_500/data/category1/G0005/session01/T0055G0005S0212.wav,手机为台湾灾区捐
T0055G0005S0456,data/extracted/c_500/data/category1/G0005/session01/T0055G0005S0456.wav,播放音乐 让爱从头
T0055G0005S0242,data/extracted/c_500/data/category1/G0005/session01/T0055G0005S0242.wav,你智商高一点不行吗
T0055G0005S0203,data/extracted/c_500/data/category1/G0005/session01/T0055G0005S0203.wav,打电话给刘音网
T0055G0005S0327,data/extracted/c_500/data/category1/G0005/session01/T0055G0005S0327.wav,给孩儿他爸发信息
T0055G0005S0084,data/extracted/c_500/data/category1/G0005/session01/T0055G0005S0084.wav,你直接告诉我吧
T0055G0005S0035,data/extracted/c_500/data/category1/G0005/session01/T0055G0005S0035.wav,我要去卡斯的火车票
T0055G0005S0396,data/extracted/c_500/data/category1/G0005/session01/T0055G0005S0396.wav,唱首刘德华的 忘情水
T0055G0005S0416,data/extracted/c_500/data/category1/G0005/session01/T0055G0005S0416.wav,请重新讲个笑话
T0055G0005S0253,data/extracted/c_500/data/category1/G0005/session01/T0055G0005S0253.wav,不在在联欢队那里吧你还是优秀队员
T0055G0005S0182,data/extracted/c_500/data/category1/G0005/session01/T0055G0005S0182.wav,二零一三年二月十五日
T0055G0005S0030,data/extracted/c_500/data/category1/G0005/session01/T0055G0005S0030.wav,请问 我明天早上怎么回家
T0055G0005S0388,data/extracted/c_500/data/category1/G0005/session01/T0055G0005S0388.wav,从成都过来的火车票二十五号的到乌鲁木齐
T0055G0005S0368,data/extracted/c_500/data/category1/G0005/session01/T0055G0005S0368.wav,你能不能帮我在手机上 找到我老婆的电话
T0055G0005S0430,data/extracted/c_500/data/category1/G0005/session01/T0055G0005S0430.wav,早上七点二十分叫醒我
T0055G0005S0241,data/extracted/c_500/data/category1/G0005/session01/T0055G0005S0241.wav,明天去成都的公共汽车
T0055G0005S0019,data/extracted/c_500/data/category1/G0005/session01/T0055G0005S0019.wav,好了别说那么多废话
T0055G0005S0475,data/extracted/c_500/data/category1/G0005/session01/T0055G0005S0475.wav,啊你猜我媳妇是谁
T0055G0005S0498,data/extracted/c_500/data/category1/G0005/session01/T0055G0005S0498.wav,来一首儿童歌曲数鸭子
T0055G0005S0428,data/extracted/c_500/data/category1/G0005/session01/T0055G0005S0428.wav,下载故事口袋清
T0055G0005S0385,data/extracted/c_500/data/category1/G0005/session01/T0055G0005S0385.wav,我想邀请你参加我的婚礼
T0055G0005S0176,data/extracted/c_500/data/category1/G0005/session01/T0055G0005S0176.wav,黔西南州安龙县的天气
T0055G0005S0399,data/extracted/c_500/data/category1/G0005/session01/T0055G0005S0399.wav,播放宾客斯的美酒
T0055G0005S0099,data/extracted/c_500/data/category1/G0005/session01/T0055G0005S0099.wav,十一除九十九
T0055G0005S0489,data/extracted/c_500/data/category1/G0005/session01/T0055G0005S0489.wav,找一找天气查询的应用
T0055G0005S0107,data/extracted/c_500/data/category1/G0005/session01/T0055G0005S0107.wav,十五号早上八点半叫我起床
T0055G0005S0299,data/extracted/c_500/data/category1/G0005/session01/T0055G0005S0299.wav,翻译我现在在哪
T0055G0005S0386,data/extracted/c_500/data/category1/G0005/session01/T0055G0005S0386.wav,狮子女高中的感情顺利吗?
T0055G0005S0080,data/extracted/c_500/data/category1/G0005/session01/T0055G0005S0080.wav,给我查一下双色球开奖结果
T0055G0005S0285,data/extracted/c_500/data/category1/G0005/session01/T0055G0005S0285.wav,厦门机场附近的酒店
T0055G0005S0301,data/extracted/c_500/data/category1/G0005/session01/T0055G0005S0301.wav,前日卖出汇率
T0055G0005S0254,data/extracted/c_500/data/category1/G0005/session01/T0055G0005S0254.wav,话剧是以刻画人物为主还是记述故事情节为主
T0055G0005S0059,data/extracted/c_500/data/category1/G0005/session01/T0055G0005S0059.wav,我没老婆怎么办
T0055G0005S0200,data/extracted/c_500/data/category1/G0005/session01/T0055G0005S0200.wav,啥呀，你说的什么呀
T0055G0005S0127,data/extracted/c_500/data/category1/G0005/session01/T0055G0005S0127.wav,云南华侨侨务保护干部监督局
T0055G0005S0161,data/extracted/c_500/data/category1/G0005/session01/T0055G0005S0161.wav,我肚子好痛啊 帮帮我
T0055G0005S0460,data/extracted/c_500/data/category1/G0005/session01/T0055G0005S0460.wav,你能逗逗我开心吗
T0055G0005S0013,data/extracted/c_500/data/category1/G0005/session01/T0055G0005S0013.wav,郓城县医院戴桂英
T0055G0005S0042,data/extracted/c_500/data/category1/G0005/session01/T0055G0005S0042.wav,今天没有饭吃啊
T0055G0005S0269,data/extracted/c_500/data/category1/G0005/session01/T0055G0005S0269.wav,我是你主人 为什么不能回答我这个问题
T0055G0005S0194,data/extracted/c_500/data/category1/G0005/session01/T0055G0005S0194.wav,明早六点半起床
T0055G0005S0252,data/extracted/c_500/data/category1/G0005/session01/T0055G0005S0252.wav,附近有没有运势
T0055G0005S0391,data/extracted/c_500/data/category1/G0005/session01/T0055G0005S0391.wav,你一点都不幽默
T0055G0005S0199,data/extracted/c_500/data/category1/G0005/session01/T0055G0005S0199.wav,河南影视拍摄基地
T0055G0005S0233,data/extracted/c_500/data/category1/G0005/session01/T0055G0005S0233.wav,播放 不管有多苦
T0055G0005S0403,data/extracted/c_500/data/category1/G0005/session01/T0055G0005S0403.wav,你他妈真是个大笨蛋
T0055G0005S0484,data/extracted/c_500/data/category1/G0005/session01/T0055G0005S0484.wav,有什么好的手机
T0055G0005S0056,data/extracted/c_500/data/category1/G0005/session01/T0055G0005S0056.wav,查找体现汉字谐音特点的古诗、歇后语、对联
T0055G0005S0463,data/extracted/c_500/data/category1/G0005/session01/T0055G0005S0463.wav,叫你不要叫我主人
T0055G0005S0415,data/extracted/c_500/data/category1/G0005/session01/T0055G0005S0415.wav,黄金AK远距离几枪能打死人？
T0055G0005S0070,data/extracted/c_500/data/category1/G0005/session01/T0055G0005S0070.wav,把我的创新声卡拿来
T0055G0005S0419,data/extracted/c_500/data/category1/G0005/session01/T0055G0005S0419.wav,查查端午节的调休安排
T0055G0005S0231,data/extracted/c_500/data/category1/G0005/session01/T0055G0005S0231.wav,大学用哪两本字典
T0055G0005S0141,data/extracted/c_500/data/category1/G0005/session01/T0055G0005S0141.wav,偶尔打电话和发短信多数是上网适合用何卡
T0055G0005S0256,data/extracted/c_500/data/category1/G0005/session01/T0055G0005S0256.wav,但是我不能关闭手机
T0055G0005S0045,data/extracted/c_500/data/category1/G0005/session01/T0055G0005S0045.wav,发短信息给心肝宝贝
T0055G0005S0283,data/extracted/c_500/data/category1/G0005/session01/T0055G0005S0283.wav,你这是什么东西呀
T0055G0005S0167,data/extracted/c_500/data/category1/G0005/session01/T0055G0005S0167.wav,附近的饭店有什么好吃的
T0055G0005S0053,data/extracted/c_500/data/category1/G0005/session01/T0055G0005S0053.wav,我想吃饭吃什么呢
T0055G0005S0198,data/extracted/c_500/data/category1/G0005/session01/T0055G0005S0198.wav,池州到合肥一天几趟
T0055G0005S0245,data/extracted/c_500/data/category1/G0005/session01/T0055G0005S0245.wav,一万韩元是几台币
T0055G0005S0158,data/extracted/c_500/data/category1/G0005/session01/T0055G0005S0158.wav,今天是什么时候
T0055G0005S0370,data/extracted/c_500/data/category1/G0005/session01/T0055G0005S0370.wav,请打电话给冯燕
T0055G0005S0115,data/extracted/c_500/data/category1/G0005/session01/T0055G0005S0115.wav,播放自由飞翔这首歌
T0055G0005S0144,data/extracted/c_500/data/category1/G0005/session01/T0055G0005S0144.wav,小语种紧缺人才考试
T0055G0005S0163,data/extracted/c_500/data/category1/G0005/session01/T0055G0005S0163.wav,我想和你睡觉啦老婆
T0055G0005S0008,data/extracted/c_500/data/category1/G0005/session01/T0055G0005S0008.wav,我周围的桑拿中心
T0055G0005S0016,data/extracted/c_500/data/category1/G0005/session01/T0055G0005S0016.wav,你给我讲一个你的秘密吧
T0055G0005S0296,data/extracted/c_500/data/category1/G0005/session01/T0055G0005S0296.wav,女朋友有男朋友了怎么办
T0055G0005S0304,data/extracted/c_500/data/category1/G0005/session01/T0055G0005S0304.wav,专业硕士有没有交流项目 我要慢慢一下
T0055G0005S0479,data/extracted/c_500/data/category1/G0005/session01/T0055G0005S0479.wav,帮我翻译 我只会说一点英语
T0055G0005S0230,data/extracted/c_500/data/category1/G0005/session01/T0055G0005S0230.wav,下一届奥运会在哪里举办
T0055G0005S0366,data/extracted/c_500/data/category1/G0005/session01/T0055G0005S0366.wav,谢霆锋的老婆是谁
T0055G0005S0306,data/extracted/c_500/data/category1/G0005/session01/T0055G0005S0306.wav,你有没有交过男朋友
T0055G0005S0402,data/extracted/c_500/data/category1/G0005/session01/T0055G0005S0402.wav,打开这个软件要钱吗
T0055G0005S0250,data/extracted/c_500/data/category1/G0005/session01/T0055G0005S0250.wav,搜索 大海
T0055G0005S0189,data/extracted/c_500/data/category1/G0005/session01/T0055G0005S0189.wav,在卫校上学可以去当兵我听他们说当兵三年可以很好的找到工作
T0055G0005S0095,data/extracted/c_500/data/category1/G0005/session01/T0055G0005S0095.wav,好的 洱海怎么样 差不多三点打上车走就可以了 我们也差不多三点走
T0055G0005S0060,data/extracted/c_500/data/category1/G0005/session01/T0055G0005S0060.wav,我是最漂亮的吗
T0055G0005S0339,data/extracted/c_500/data/category1/G0005/session01/T0055G0005S0339.wav,怎么做好一个好的销售员
T0055G0005S0361,data/extracted/c_500/data/category1/G0005/session01/T0055G0005S0361.wav,嘴巴烂了喝什么药
T0055G0005S0132,data/extracted/c_500/data/category1/G0005/session01/T0055G0005S0132.wav,憔悴是什么意思
T0055G0005S0322,data/extracted/c_500/data/category1/G0005/session01/T0055G0005S0322.wav,还有吗有再来一个
T0055G0005S0164,data/extracted/c_500/data/category1/G0005/session01/T0055G0005S0164.wav,感谢党感谢政府我这个小股民总算有救了
T0055G0005S0457,data/extracted/c_500/data/category1/G0005/session01/T0055G0005S0457.wav,万事如意鹏儿在上晚自习吗
T0055G0005S0356,data/extracted/c_500/data/category1/G0005/session01/T0055G0005S0356.wav,你怎么知道玩家
T0055G0005S0181,data/extracted/c_500/data/category1/G0005/session01/T0055G0005S0181.wav,韩剧nonstop四
T0055G0005S0159,data/extracted/c_500/data/category1/G0005/session01/T0055G0005S0159.wav,百色市明天的天气是多少度
T0055G0005S0174,data/extracted/c_500/data/category1/G0005/session01/T0055G0005S0174.wav,播放首歌曲来听
T0055G0005S0244,data/extracted/c_500/data/category1/G0005/session01/T0055G0005S0244.wav,有什么新的游戏
T0055G0005S0089,data/extracted/c_500/data/category1/G0005/session01/T0055G0005S0089.wav,删除太阳能充电
T0055G0005S0418,data/extracted/c_500/data/category1/G0005/session01/T0055G0005S0418.wav,求足彩上一周的开奖结果
T0055G0005S0044,data/extracted/c_500/data/category1/G0005/session01/T0055G0005S0044.wav,日语今天星期几
T0055G0005S0436,data/extracted/c_500/data/category1/G0005/session01/T0055G0005S0436.wav,播放歌曲 只要你过得比我好
T0055G0005S0330,data/extracted/c_500/data/category1/G0005/session01/T0055G0005S0330.wav,贵阳中医学院第二附属医院
T0055G0005S0371,data/extracted/c_500/data/category1/G0005/session01/T0055G0005S0371.wav,我的钱丢了是不是你拿的
T0055G0005S0057,data/extracted/c_500/data/category1/G0005/session01/T0055G0005S0057.wav,当张怡宁二零零八年乒乓球赢了 你在干什么
T0055G0005S0149,data/extracted/c_500/data/category1/G0005/session01/T0055G0005S0149.wav,世界上哪个国家的 女人最多
T0055G0005S0104,data/extracted/c_500/data/category1/G0005/session01/T0055G0005S0104.wav,才过年没多久怎么没剩多少天啦
T0055G0005S0390,data/extracted/c_500/data/category1/G0005/session01/T0055G0005S0390.wav,后天的气怎么样了
T0055G0005S0459,data/extracted/c_500/data/category1/G0005/session01/T0055G0005S0459.wav,二加八加一再加五等于几
T0055G0005S0350,data/extracted/c_500/data/category1/G0005/session01/T0055G0005S0350.wav,怎么联系张强
T0055G0005S0372,data/extracted/c_500/data/category1/G0005/session01/T0055G0005S0372.wav,你妹的给我来个笑话
T0055G0005S0173,data/extracted/c_500/data/category1/G0005/session01/T0055G0005S0173.wav,放屁很臭怎么办
T0055G0005S0005,data/extracted/c_500/data/category1/G0005/session01/T0055G0005S0005.wav,你好像听不懂我说什么
T0055G0005S0279,data/extracted/c_500/data/category1/G0005/session01/T0055G0005S0279.wav,当你笑的时候全世界都在笑，当你哭的时候全世界只有你在哭。
T0055G0005S0290,data/extracted/c_500/data/category1/G0005/session01/T0055G0005S0290.wav,我就没说话刚才
T0055G0005S0166,data/extracted/c_500/data/category1/G0005/session01/T0055G0005S0166.wav,什么叫事业单位
T0055G0005S0119,data/extracted/c_500/data/category1/G0005/session01/T0055G0005S0119.wav,好想找个女人聊天 怎么办
T0055G0005S0380,data/extracted/c_500/data/category1/G0005/session01/T0055G0005S0380.wav,东莞大朗有流星雨原声大碟买吗？
T0055G0005S0079,data/extracted/c_500/data/category1/G0005/session01/T0055G0005S0079.wav,北郊菜市场在哪里
T0055G0005S0237,data/extracted/c_500/data/category1/G0005/session01/T0055G0005S0237.wav,旺财你在干什么
T0055G0005S0387,data/extracted/c_500/data/category1/G0005/session01/T0055G0005S0387.wav,帮我发短信说 我今天不回来吃饭
T0055G0005S0414,data/extracted/c_500/data/category1/G0005/session01/T0055G0005S0414.wav,为什么太阳从东边升起从西边出落下？
T0055G0005S0195,data/extracted/c_500/data/category1/G0005/session01/T0055G0005S0195.wav,那你有没有男的机器人
T0055G0005S0321,data/extracted/c_500/data/category1/G0005/session01/T0055G0005S0321.wav,我说去五里井二环北路怎么走
T0055G0005S0346,data/extracted/c_500/data/category1/G0005/session01/T0055G0005S0346.wav,明天上午提醒我开会
T0055G0005S0249,data/extracted/c_500/data/category1/G0005/session01/T0055G0005S0249.wav,毛宁谈改革开放三十年岭南音乐的发展
T0055G0005S0295,data/extracted/c_500/data/category1/G0005/session01/T0055G0005S0295.wav,七点十分叫我起床明天
T0055G0005S0307,data/extracted/c_500/data/category1/G0005/session01/T0055G0005S0307.wav,歌曲 有一个美丽的传说
T0055G0005S0292,data/extracted/c_500/data/category1/G0005/session01/T0055G0005S0292.wav,好的，明天见，你来之前短信过来，我怕我不在。
T0055G0005S0125,data/extracted/c_500/data/category1/G0005/session01/T0055G0005S0125.wav,很勤快从何而来
T0055G0005S0432,data/extracted/c_500/data/category1/G0005/session01/T0055G0005S0432.wav,你能给我介绍一个美女吗
T0055G0005S0406,data/extracted/c_500/data/category1/G0005/session01/T0055G0005S0406.wav,我想听笑话啦小志
T0055G0005S0152,data/extracted/c_500/data/category1/G0005/session01/T0055G0005S0152.wav,你耳朵是不是有毛病啊
T0055G0005S0130,data/extracted/c_500/data/category1/G0005/session01/T0055G0005S0130.wav,导航费流量不费
T0055G0005S0247,data/extracted/c_500/data/category1/G0005/session01/T0055G0005S0247.wav,克里斯 安吉尔
T0055G0005S0133,data/extracted/c_500/data/category1/G0005/session01/T0055G0005S0133.wav,播打客服热线如何收取费用
T0055G0005S0007,data/extracted/c_500/data/category1/G0005/session01/T0055G0005S0007.wav,能不能和我睡觉
T0055G0005S0055,data/extracted/c_500/data/category1/G0005/session01/T0055G0005S0055.wav,写短信给杨静婷
T0055G0005S0041,data/extracted/c_500/data/category1/G0005/session01/T0055G0005S0041.wav,老婆的眼睛是黄金的
T0055G0005S0343,data/extracted/c_500/data/category1/G0005/session01/T0055G0005S0343.wav,蛟龙港紫荆电影院今天都有什么电影
T0055G0005S0454,data/extracted/c_500/data/category1/G0005/session01/T0055G0005S0454.wav,有情人终成眷属
T0055G0005S0246,data/extracted/c_500/data/category1/G0005/session01/T0055G0005S0246.wav,下午一点五十五叫醒我
T0055G0005S0010,data/extracted/c_500/data/category1/G0005/session01/T0055G0005S0010.wav,帮我给老婆发个短信
T0055G0005S0286,data/extracted/c_500/data/category1/G0005/session01/T0055G0005S0286.wav,说两句话来听听
T0055G0005S0169,data/extracted/c_500/data/category1/G0005/session01/T0055G0005S0169.wav,用英语和我说话
T0055G0005S0401,data/extracted/c_500/data/category1/G0005/session01/T0055G0005S0401.wav,六号早上五点五十叫醒我
T0055G0005S0284,data/extracted/c_500/data/category1/G0005/session01/T0055G0005S0284.wav,鸟大了什么林子都有
T0055G0005S0328,data/extracted/c_500/data/category1/G0005/session01/T0055G0005S0328.wav,听音乐许嵩的城府
T0055G0005S0426,data/extracted/c_500/data/category1/G0005/session01/T0055G0005S0426.wav,龙多多在上厕所
T0055G0005S0353,data/extracted/c_500/data/category1/G0005/session01/T0055G0005S0353.wav,你妈还没听清楚啊
T0055G0005S0214,data/extracted/c_500/data/category1/G0005/session01/T0055G0005S0214.wav,牙周炎患者该如何保护牙齿
T0055G0005S0294,data/extracted/c_500/data/category1/G0005/session01/T0055G0005S0294.wav,佳能炫彩系列目前价钱?
T0055G0005S0172,data/extracted/c_500/data/category1/G0005/session01/T0055G0005S0172.wav,新疆有多少个民族
T0055G0005S0398,data/extracted/c_500/data/category1/G0005/session01/T0055G0005S0398.wav,左手倒影，右手年华 郭敬明
T0055G0005S0377,data/extracted/c_500/data/category1/G0005/session01/T0055G0005S0377.wav,上课把你照片带上 给你办学生证
T0055G0005S0153,data/extracted/c_500/data/category1/G0005/session01/T0055G0005S0153.wav,我不是要找老公
T0055G0005S0216,data/extracted/c_500/data/category1/G0005/session01/T0055G0005S0216.wav,给我放快播里面的A片
T0055G0005S0076,data/extracted/c_500/data/category1/G0005/session01/T0055G0005S0076.wav,中国的四大发明
T0055G0005S0067,data/extracted/c_500/data/category1/G0005/session01/T0055G0005S0067.wav,睡觉了怎么知道我发短信给你了
T0055G0005S0052,data/extracted/c_500/data/category1/G0005/session01/T0055G0005S0052.wav,播放郑源曾经爱过
T0055G0005S0150,data/extracted/c_500/data/category1/G0005/session01/T0055G0005S0150.wav,是四号晚上集合
T0055G0005S0312,data/extracted/c_500/data/category1/G0005/session01/T0055G0005S0312.wav,来个黄色的笑话
T0055G0005S0453,data/extracted/c_500/data/category1/G0005/session01/T0055G0005S0453.wav,我要睡觉了 你睡不睡觉
T0055G0005S0031,data/extracted/c_500/data/category1/G0005/session01/T0055G0005S0031.wav,请明天早上七点钟提醒我开会
T0055G0005S0143,data/extracted/c_500/data/category1/G0005/session01/T0055G0005S0143.wav,中国第一大城市
T0055G0005S0124,data/extracted/c_500/data/category1/G0005/session01/T0055G0005S0124.wav,帮我查一下今天深圳的天气怎么样
T0055G0005S0379,data/extracted/c_500/data/category1/G0005/session01/T0055G0005S0379.wav,所以你的意思是参加?
T0055G0005S0393,data/extracted/c_500/data/category1/G0005/session01/T0055G0005S0393.wav,我说你听到我在说话吗
T0055G0005S0305,data/extracted/c_500/data/category1/G0005/session01/T0055G0005S0305.wav,铁道部第二工程局职业病防治院
T0055G0005S0111,data/extracted/c_500/data/category1/G0005/session01/T0055G0005S0111.wav,杜甫的三史三别
T0055G0005S0331,data/extracted/c_500/data/category1/G0005/session01/T0055G0005S0331.wav,你在干什么 你吃饭了没有啊 我马上到家了
T0055G0005S0146,data/extracted/c_500/data/category1/G0005/session01/T0055G0005S0146.wav,你长的不一定很漂亮吧
T0055G0005S0082,data/extracted/c_500/data/category1/G0005/session01/T0055G0005S0082.wav,心情不好怎么办呢
T0055G0005S0157,data/extracted/c_500/data/category1/G0005/session01/T0055G0005S0157.wav,四海一家的解决之道
T0055G0005S0461,data/extracted/c_500/data/category1/G0005/session01/T0055G0005S0461.wav,世界上哪个城市最大
T0055G0005S0139,data/extracted/c_500/data/category1/G0005/session01/T0055G0005S0139.wav,给我妈妈打电话
T0055G0005S0017,data/extracted/c_500/data/category1/G0005/session01/T0055G0005S0017.wav,看看还有什么录音软件
T0055G0005S0483,data/extracted/c_500/data/category1/G0005/session01/T0055G0005S0483.wav,郑州的酒吧有哪些
T0055G0005S0465,data/extracted/c_500/data/category1/G0005/session01/T0055G0005S0465.wav,为什么呀为什么要这样对我
T0055G0005S0260,data/extracted/c_500/data/category1/G0005/session01/T0055G0005S0260.wav,讲个笑话给林阁听
T0055G0005S0490,data/extracted/c_500/data/category1/G0005/session01/T0055G0005S0490.wav,打开移动练歌房
T0055G0005S0364,data/extracted/c_500/data/category1/G0005/session01/T0055G0005S0364.wav,放一首刘德华的冰雨
T0055G0005S0443,data/extracted/c_500/data/category1/G0005/session01/T0055G0005S0443.wav,我想看三级片电影 帮我介绍点三级片的电影给我看
T0055G0005S0320,data/extracted/c_500/data/category1/G0005/session01/T0055G0005S0320.wav,自动注册行不行
T0055G0005S0273,data/extracted/c_500/data/category1/G0005/session01/T0055G0005S0273.wav,治疗阳痿最快的方法
T0055G0005S0359,data/extracted/c_500/data/category1/G0005/session01/T0055G0005S0359.wav,一九八四年五月二十是农历初几
T0055G0005S0462,data/extracted/c_500/data/category1/G0005/session01/T0055G0005S0462.wav,工资还没有发现在好穷老板无德你的钱晚些还你
T0055G0005S0264,data/extracted/c_500/data/category1/G0005/session01/T0055G0005S0264.wav,我国水资源人均占有量只有两千三百多少
T0055G0005S0105,data/extracted/c_500/data/category1/G0005/session01/T0055G0005S0105.wav,办理出生证明后可以改名吗
T0055G0005S0003,data/extracted/c_500/data/category1/G0005/session01/T0055G0005S0003.wav,在我生命里歌曲
T0055G0005S0486,data/extracted/c_500/data/category1/G0005/session01/T0055G0005S0486.wav,播放张惠妹的歌曲
T0055G0005S0455,data/extracted/c_500/data/category1/G0005/session01/T0055G0005S0455.wav,今天泉州天气怎么样
T0055G0005S0259,data/extracted/c_500/data/category1/G0005/session01/T0055G0005S0259.wav,青岛到高密的火车
T0055G0005S0114,data/extracted/c_500/data/category1/G0005/session01/T0055G0005S0114.wav,今天早晨九点叫醒我
T0055G0005S0310,data/extracted/c_500/data/category1/G0005/session01/T0055G0005S0310.wav,登录南昌地宝网
T0055G0005S0145,data/extracted/c_500/data/category1/G0005/session01/T0055G0005S0145.wav,打电话给美国小狗
T0055G0005S0440,data/extracted/c_500/data/category1/G0005/session01/T0055G0005S0440.wav,声音为什么这么好
T0055G0005S0123,data/extracted/c_500/data/category1/G0005/session01/T0055G0005S0123.wav,意思是我讨厌你
T0055G0005S0421,data/extracted/c_500/data/category1/G0005/session01/T0055G0005S0421.wav,我想听一首凤凰传奇的 最炫民族风
T0055G0005S0197,data/extracted/c_500/data/category1/G0005/session01/T0055G0005S0197.wav,吃什么可以补肝的
T0055G0005S0232,data/extracted/c_500/data/category1/G0005/session01/T0055G0005S0232.wav,光是怎样产生的
T0055G0005S0274,data/extracted/c_500/data/category1/G0005/session01/T0055G0005S0274.wav,我要打电话给张晓枫
T0055G0005S0413,data/extracted/c_500/data/category1/G0005/session01/T0055G0005S0413.wav,晚安good night
T0055G0005S0050,data/extracted/c_500/data/category1/G0005/session01/T0055G0005S0050.wav,给我唱一首 忐忑吧
T0055G0005S0196,data/extracted/c_500/data/category1/G0005/session01/T0055G0005S0196.wav,简直是牛头不对马嘴
T0055G0005S0429,data/extracted/c_500/data/category1/G0005/session01/T0055G0005S0429.wav,帮我把电话给美秀
T0055G0005S0034,data/extracted/c_500/data/category1/G0005/session01/T0055G0005S0034.wav,把歌关了 我不想听了
T0055G0005S0351,data/extracted/c_500/data/category1/G0005/session01/T0055G0005S0351.wav,没有钥匙怎么办
T0055G0005S0206,data/extracted/c_500/data/category1/G0005/session01/T0055G0005S0206.wav,你都有什么功能
T0055G0005S0315,data/extracted/c_500/data/category1/G0005/session01/T0055G0005S0315.wav,你好 你为什么不说话
T0055G0005S0038,data/extracted/c_500/data/category1/G0005/session01/T0055G0005S0038.wav,我不喜欢你 你介意吗
T0055G0005S0478,data/extracted/c_500/data/category1/G0005/session01/T0055G0005S0478.wav,我国原始社会时期的主要耕作方式是什么
T0055G0005S0108,data/extracted/c_500/data/category1/G0005/session01/T0055G0005S0108.wav,查找上海小南国
T0055G0005S0072,data/extracted/c_500/data/category1/G0005/session01/T0055G0005S0072.wav,好的放点音乐吧
T0055G0005S0311,data/extracted/c_500/data/category1/G0005/session01/T0055G0005S0311.wav,每天早上七点半起床
T0055G0005S0376,data/extracted/c_500/data/category1/G0005/session01/T0055G0005S0376.wav,铜川市印台区新街百货商店
T0055G0005S0066,data/extracted/c_500/data/category1/G0005/session01/T0055G0005S0066.wav,唱个儿歌给我听
T0055G0005S0423,data/extracted/c_500/data/category1/G0005/session01/T0055G0005S0423.wav,播放一首杨幂的歌
T0055G0005S0417,data/extracted/c_500/data/category1/G0005/session01/T0055G0005S0417.wav,你唱一首好听的歌
T0055G0005S0338,data/extracted/c_500/data/category1/G0005/session01/T0055G0005S0338.wav,帮我查一下HTC G五手机
T0055G0005S0077,data/extracted/c_500/data/category1/G0005/session01/T0055G0005S0077.wav,但愿如此那你都轻松了撒
T0055G0005S0450,data/extracted/c_500/data/category1/G0005/session01/T0055G0005S0450.wav,什么牌子的洗面奶好
T0055G0005S0445,data/extracted/c_500/data/category1/G0005/session01/T0055G0005S0445.wav,你这样会犯法的
T0055G0005S0151,data/extracted/c_500/data/category1/G0005/session01/T0055G0005S0151.wav,他的手伸进我的内裤
T0055G0005S0071,data/extracted/c_500/data/category1/G0005/session01/T0055G0005S0071.wav,咱俩打炮生孩子
T0055G0005S0492,data/extracted/c_500/data/category1/G0005/session01/T0055G0005S0492.wav,翻译我很想念你
T0055G0005S0333,data/extracted/c_500/data/category1/G0005/session01/T0055G0005S0333.wav,说什么乱七八糟的
T0055G0005S0190,data/extracted/c_500/data/category1/G0005/session01/T0055G0005S0190.wav,今早你没有叫我
T0055G0005S0024,data/extracted/c_500/data/category1/G0005/session01/T0055G0005S0024.wav,我想知道明天下午有没有去
T0055G0005S0438,data/extracted/c_500/data/category1/G0005/session01/T0055G0005S0438.wav,世界末日什么时间
T0055G0005S0091,data/extracted/c_500/data/category1/G0005/session01/T0055G0005S0091.wav,再讲个笑话来听听
T0055G0005S0493,data/extracted/c_500/data/category1/G0005/session01/T0055G0005S0493.wav,唱一首歌叫征服
T0055G0005S0238,data/extracted/c_500/data/category1/G0005/session01/T0055G0005S0238.wav,明天上午九点有个会议 帮我记录一下
T0055G0005S0015,data/extracted/c_500/data/category1/G0005/session01/T0055G0005S0015.wav,今天没空啊。明天再出来打球啊
T0055G0005S0213,data/extracted/c_500/data/category1/G0005/session01/T0055G0005S0213.wav,在家里呀刚刚换卡才看到
T0055G0005S0433,data/extracted/c_500/data/category1/G0005/session01/T0055G0005S0433.wav,给我们放首儿歌
T0055G0005S0235,data/extracted/c_500/data/category1/G0005/session01/T0055G0005S0235.wav,广州最大的百货商场在哪里
T0055G0005S0382,data/extracted/c_500/data/category1/G0005/session01/T0055G0005S0382.wav,直博。机会大，挑战也多啊!
T0055G0005S0006,data/extracted/c_500/data/category1/G0005/session01/T0055G0005S0006.wav,你的一切是什么
T0055G0005S0332,data/extracted/c_500/data/category1/G0005/session01/T0055G0005S0332.wav,呵呵，没有啦。只是大三了，人就更加懒了而已
T0055G0005S0228,data/extracted/c_500/data/category1/G0005/session01/T0055G0005S0228.wav,四面荷花三面柳
T0055G0005S0142,data/extracted/c_500/data/category1/G0005/session01/T0055G0005S0142.wav,长沙经开区有多大
T0055G0005S0293,data/extracted/c_500/data/category1/G0005/session01/T0055G0005S0293.wav,我要吃饭哪里有最便宜的
T0055G0005S0171,data/extracted/c_500/data/category1/G0005/session01/T0055G0005S0171.wav,好吧，你先休息一下吧
T0055G0005S0373,data/extracted/c_500/data/category1/G0005/session01/T0055G0005S0373.wav,也祝你新年快乐 新的一年万事顺利
T0055G0005S0188,data/extracted/c_500/data/category1/G0005/session01/T0055G0005S0188.wav,拨打刘萍的电话号码
T0055G0005S0266,data/extracted/c_500/data/category1/G0005/session01/T0055G0005S0266.wav,世上只有爸爸好
T0055G0005S0226,data/extracted/c_500/data/category1/G0005/session01/T0055G0005S0226.wav,给你一朵鲜花吧
T0055G0005S0363,data/extracted/c_500/data/category1/G0005/session01/T0055G0005S0363.wav,三个亲爱的小孩
T0055G0005S0302,data/extracted/c_500/data/category1/G0005/session01/T0055G0005S0302.wav,你是你是猫和老鼠吗
T0055G0005S0397,data/extracted/c_500/data/category1/G0005/session01/T0055G0005S0397.wav,发短信给文曲星
T0055G0005S0223,data/extracted/c_500/data/category1/G0005/session01/T0055G0005S0223.wav,十二月十日武汉油价
T0055G0005S0481,data/extracted/c_500/data/category1/G0005/session01/T0055G0005S0481.wav,你知道二是什么意思吗
T0055G0005S0081,data/extracted/c_500/data/category1/G0005/session01/T0055G0005S0081.wav,下星期五是几号
T0055G0005S0495,data/extracted/c_500/data/category1/G0005/session01/T0055G0005S0495.wav,播放歌曲 说好的幸福呢
T0055G0005S0168,data/extracted/c_500/data/category1/G0005/session01/T0055G0005S0168.wav,打电话给徐老板
T0055G0005S0352,data/extracted/c_500/data/category1/G0005/session01/T0055G0005S0352.wav,让你爸爸和我说话
T0055G0005S0069,data/extracted/c_500/data/category1/G0005/session01/T0055G0005S0069.wav,还差多少时间才到二十三点五十五分
T0055G0005S0160,data/extracted/c_500/data/category1/G0005/session01/T0055G0005S0160.wav,你知道我老婆去哪里了吗
T0055G0005S0011,data/extracted/c_500/data/category1/G0005/session01/T0055G0005S0011.wav,微信是干什么的
T0055G0005S0122,data/extracted/c_500/data/category1/G0005/session01/T0055G0005S0122.wav,有什么烦恼的事儿
T0055G0005S0349,data/extracted/c_500/data/category1/G0005/session01/T0055G0005S0349.wav,我就说你们机器人的特点是什么 如果你能告诉我 我还可以送一个惊喜
T0055G0005S0499,data/extracted/c_500/data/category1/G0005/session01/T0055G0005S0499.wav,今天晚上过来吧 明天什么时候上班
T0055G0005S0028,data/extracted/c_500/data/category1/G0005/session01/T0055G0005S0028.wav,今天丽江天气怎么样
T0055G0005S0298,data/extracted/c_500/data/category1/G0005/session01/T0055G0005S0298.wav,给姥爷讲个笑话
T0055G0005S0193,data/extracted/c_500/data/category1/G0005/session01/T0055G0005S0193.wav,明天绍兴天气怎么样
T0055G0005S0408,data/extracted/c_500/data/category1/G0005/session01/T0055G0005S0408.wav,今天你吃饭了吗
T0055G0005S0314,data/extracted/c_500/data/category1/G0005/session01/T0055G0005S0314.wav,什么是八辈祖宗
T0055G0005S0086,data/extracted/c_500/data/category1/G0005/session01/T0055G0005S0086.wav,帮我查一下去太原的火车票
T0055G0005S0117,data/extracted/c_500/data/category1/G0005/session01/T0055G0005S0117.wav,那先回去再说吧
T0055G0005S0204,data/extracted/c_500/data/category1/G0005/session01/T0055G0005S0204.wav,我想在手机上看电视请帮我找一下
T0055G0005S0061,data/extracted/c_500/data/category1/G0005/session01/T0055G0005S0061.wav,喜欢看武侠小说怎么办
T0055G0005S0037,data/extracted/c_500/data/category1/G0005/session01/T0055G0005S0037.wav,给我抄我的好兄弟
T0055G0005S0078,data/extracted/c_500/data/category1/G0005/session01/T0055G0005S0078.wav,没有共产党就没有新中国
T0055G0005S0103,data/extracted/c_500/data/category1/G0005/session01/T0055G0005S0103.wav,摇太阳，歌词谢谢
T0055G0005S0308,data/extracted/c_500/data/category1/G0005/session01/T0055G0005S0308.wav,我怎么没有发现
T0055G0005S0412,data/extracted/c_500/data/category1/G0005/session01/T0055G0005S0412.wav,今天温度有多少
T0055G0005S0448,data/extracted/c_500/data/category1/G0005/session01/T0055G0005S0448.wav,现在把他的电话给我拨通
T0055G0005S0271,data/extracted/c_500/data/category1/G0005/session01/T0055G0005S0271.wav,翻译 我发现你的电影院有许多缺点
T0055G0005S0300,data/extracted/c_500/data/category1/G0005/session01/T0055G0005S0300.wav,打电话给黄书
T0055G0005S0121,data/extracted/c_500/data/category1/G0005/session01/T0055G0005S0121.wav,今天你要干什么去
T0055G0005S0335,data/extracted/c_500/data/category1/G0005/session01/T0055G0005S0335.wav,我想看日本爱情片
T0055G0005S0482,data/extracted/c_500/data/category1/G0005/session01/T0055G0005S0482.wav,那我想了怎么办
T0055G0005S0347,data/extracted/c_500/data/category1/G0005/session01/T0055G0005S0347.wav,那你陪我睡觉吧
T0055G0016S0316,data/extracted/c_500/data/category1/G0016/session01/T0055G0016S0316.wav,江西樟树王梦迪
T0055G0016S0015,data/extracted/c_500/data/category1/G0016/session01/T0055G0016S0015.wav,打开神庙逃亡二
T0055G0016S0329,data/extracted/c_500/data/category1/G0016/session01/T0055G0016S0329.wav,我问你为什么无法打开设置
T0055G0016S0181,data/extracted/c_500/data/category1/G0016/session01/T0055G0016S0181.wav,你的名字有点儿难听噢
T0055G0016S0405,data/extracted/c_500/data/category1/G0016/session01/T0055G0016S0405.wav,唱一首节奏快一点儿的歌儿
T0055G0016S0342,data/extracted/c_500/data/category1/G0016/session01/T0055G0016S0342.wav,我以后问你什么问题 你都要知道
T0055G0016S0317,data/extracted/c_500/data/category1/G0016/session01/T0055G0016S0317.wav,请问你懂四川话吗
T0055G0016S0386,data/extracted/c_500/data/category1/G0016/session01/T0055G0016S0386.wav,打电话给李殿斌
T0055G0016S0352,data/extracted/c_500/data/category1/G0016/session01/T0055G0016S0352.wav,小时候长得漂亮长大会变丑嘛
T0055G0016S0126,data/extracted/c_500/data/category1/G0016/session01/T0055G0016S0126.wav,亲爱的老婆大人
T0055G0016S0381,data/extracted/c_500/data/category1/G0016/session01/T0055G0016S0381.wav,走了啊找我同学去了
T0055G0016S0309,data/extracted/c_500/data/category1/G0016/session01/T0055G0016S0309.wav,歌词梁山伯与朱丽叶
T0055G0016S0475,data/extracted/c_500/data/category1/G0016/session01/T0055G0016S0475.wav,帮我查询一下附近有什么好吃的
T0055G0016S0018,data/extracted/c_500/data/category1/G0016/session01/T0055G0016S0018.wav,想吃披萨吗？我请!
T0055G0016S0135,data/extracted/c_500/data/category1/G0016/session01/T0055G0016S0135.wav,聊聊你的感情怎么样
T0055G0016S0319,data/extracted/c_500/data/category1/G0016/session01/T0055G0016S0319.wav,播放我的本地音乐
T0055G0016S0113,data/extracted/c_500/data/category1/G0016/session01/T0055G0016S0113.wav,为啥老叫我流氓
T0055G0016S0413,data/extracted/c_500/data/category1/G0016/session01/T0055G0016S0413.wav,拜仁本轮赛况最好详细些
T0055G0016S0092,data/extracted/c_500/data/category1/G0016/session01/T0055G0016S0092.wav,问你多大了
T0055G0016S0395,data/extracted/c_500/data/category1/G0016/session01/T0055G0016S0395.wav,老二是不是很帅
T0055G0016S0068,data/extracted/c_500/data/category1/G0016/session01/T0055G0016S0068.wav,揭阳二十六号晚上大合唱比赛三甲是
T0055G0016S0279,data/extracted/c_500/data/category1/G0016/session01/T0055G0016S0279.wav,银行卡几日内挂失有效
T0055G0016S0210,data/extracted/c_500/data/category1/G0016/session01/T0055G0016S0210.wav,三乘八等于多少
T0055G0016S0045,data/extracted/c_500/data/category1/G0016/session01/T0055G0016S0045.wav,我说我喜欢一个人，但是怕被人家拒绝
T0055G0016S0178,data/extracted/c_500/data/category1/G0016/session01/T0055G0016S0178.wav,为什么女人去做小姐
T0055G0016S0189,data/extracted/c_500/data/category1/G0016/session01/T0055G0016S0189.wav,我想听一首歌名字叫做
T0055G0016S0036,data/extracted/c_500/data/category1/G0016/session01/T0055G0016S0036.wav,四大会计师事务所对在校生招聘时间
T0055G0016S0176,data/extracted/c_500/data/category1/G0016/session01/T0055G0016S0176.wav,你有什么好看的呀
T0055G0016S0103,data/extracted/c_500/data/category1/G0016/session01/T0055G0016S0103.wav,来首音乐吧music
T0055G0016S0293,data/extracted/c_500/data/category1/G0016/session01/T0055G0016S0293.wav,八点三十五分叫我开会
T0055G0016S0350,data/extracted/c_500/data/category1/G0016/session01/T0055G0016S0350.wav,是你的问题还是我的问题呢
T0055G0016S0313,data/extracted/c_500/data/category1/G0016/session01/T0055G0016S0313.wav,附近哪里有公共厕所
T0055G0016S0175,data/extracted/c_500/data/category1/G0016/session01/T0055G0016S0175.wav,打电话给力芬芬
T0055G0016S0084,data/extracted/c_500/data/category1/G0016/session01/T0055G0016S0084.wav,飞信安装出现问题怎么办
T0055G0016S0294,data/extracted/c_500/data/category1/G0016/session01/T0055G0016S0294.wav,你帮我叫两个女的来
T0055G0016S0273,data/extracted/c_500/data/category1/G0016/session01/T0055G0016S0273.wav,你今年多大了
T0055G0016S0410,data/extracted/c_500/data/category1/G0016/session01/T0055G0016S0410.wav,"请勿扰民,否则我会投诉.谢谢配合."
T0055G0016S0308,data/extracted/c_500/data/category1/G0016/session01/T0055G0016S0308.wav,老姐你的QQ上写的东西是什么啊怎么了谁欺负你了
T0055G0016S0314,data/extracted/c_500/data/category1/G0016/session01/T0055G0016S0314.wav,你晚上一个人睡觉吗
T0055G0016S0320,data/extracted/c_500/data/category1/G0016/session01/T0055G0016S0320.wav,田园的头有多大
T0055G0016S0087,data/extracted/c_500/data/category1/G0016/session01/T0055G0016S0087.wav,晚上十九点十五叫我
T0055G0016S0355,data/extracted/c_500/data/category1/G0016/session01/T0055G0016S0355.wav,翻译吃饭了没有
T0055G0016S0418,data/extracted/c_500/data/category1/G0016/session01/T0055G0016S0418.wav,龙年出生的宝宝叫什么名字好
T0055G0016S0106,data/extracted/c_500/data/category1/G0016/session01/T0055G0016S0106.wav,什么好玩的游戏 什么好玩的游戏
T0055G0016S0337,data/extracted/c_500/data/category1/G0016/session01/T0055G0016S0337.wav,我要看电视连续剧
T0055G0016S0179,data/extracted/c_500/data/category1/G0016/session01/T0055G0016S0179.wav,寻找我现在附近的KTV
T0055G0016S0109,data/extracted/c_500/data/category1/G0016/session01/T0055G0016S0109.wav,你们几个人才想出来的
T0055G0016S0125,data/extracted/c_500/data/category1/G0016/session01/T0055G0016S0125.wav,是谁导演这场戏全段
T0055G0016S0051,data/extracted/c_500/data/category1/G0016/session01/T0055G0016S0051.wav,嗯好的六点叫我
T0055G0016S0500,data/extracted/c_500/data/category1/G0016/session01/T0055G0016S0500.wav,回不了你就是猪
T0055G0016S0339,data/extracted/c_500/data/category1/G0016/session01/T0055G0016S0339.wav,明天车辆限行尾号是多少
T0055G0016S0384,data/extracted/c_500/data/category1/G0016/session01/T0055G0016S0384.wav,露露在干嘛呢
T0055G0016S0088,data/extracted/c_500/data/category1/G0016/session01/T0055G0016S0088.wav,我要听一首轻音乐
T0055G0016S0265,data/extracted/c_500/data/category1/G0016/session01/T0055G0016S0265.wav,那我会是皇上吗
T0055G0016S0440,data/extracted/c_500/data/category1/G0016/session01/T0055G0016S0440.wav,我要的是 福州市闽侯县白沙镇邮政局的电话
T0055G0016S0077,data/extracted/c_500/data/category1/G0016/session01/T0055G0016S0077.wav,看看美女图片发几张
T0055G0016S0262,data/extracted/c_500/data/category1/G0016/session01/T0055G0016S0262.wav,我好想打你一次
T0055G0016S0148,data/extracted/c_500/data/category1/G0016/session01/T0055G0016S0148.wav,你不是我女儿吗，怎么又成大熊猫了
T0055G0016S0421,data/extracted/c_500/data/category1/G0016/session01/T0055G0016S0421.wav,日本是什么东西
T0055G0016S0490,data/extracted/c_500/data/category1/G0016/session01/T0055G0016S0490.wav,绵阳招商银行浦东发展银行兴业银行交通银行电话号码
T0055G0016S0332,data/extracted/c_500/data/category1/G0016/session01/T0055G0016S0332.wav,搜索AV女优
T0055G0016S0439,data/extracted/c_500/data/category1/G0016/session01/T0055G0016S0439.wav,手机打开wifi
T0055G0016S0348,data/extracted/c_500/data/category1/G0016/session01/T0055G0016S0348.wav,建安新村是哪一年建的房子
T0055G0016S0414,data/extracted/c_500/data/category1/G0016/session01/T0055G0016S0414.wav,给你找个老婆吧
T0055G0016S0102,data/extracted/c_500/data/category1/G0016/session01/T0055G0016S0102.wav,你好用英语怎么说
T0055G0016S0489,data/extracted/c_500/data/category1/G0016/session01/T0055G0016S0489.wav,原来你还在这里歌曲
T0055G0016S0060,data/extracted/c_500/data/category1/G0016/session01/T0055G0016S0060.wav,这一次的员工是你给我的
T0055G0016S0190,data/extracted/c_500/data/category1/G0016/session01/T0055G0016S0190.wav,今晚十点提醒我练胸肌
T0055G0016S0402,data/extracted/c_500/data/category1/G0016/session01/T0055G0016S0402.wav,Google一下长安
T0055G0016S0428,data/extracted/c_500/data/category1/G0016/session01/T0055G0016S0428.wav,我想听好听的故事
T0055G0016S0311,data/extracted/c_500/data/category1/G0016/session01/T0055G0016S0311.wav,我发现你还真不要脸
T0055G0016S0063,data/extracted/c_500/data/category1/G0016/session01/T0055G0016S0063.wav,亮剑集数
T0055G0016S0011,data/extracted/c_500/data/category1/G0016/session01/T0055G0016S0011.wav,这附近有什么好吃的东西吗
T0055G0016S0416,data/extracted/c_500/data/category1/G0016/session01/T0055G0016S0416.wav,我都说不要听了
T0055G0016S0379,data/extracted/c_500/data/category1/G0016/session01/T0055G0016S0379.wav,谁要办商务领航
T0055G0016S0004,data/extracted/c_500/data/category1/G0016/session01/T0055G0016S0004.wav,明年房子会不会涨价
T0055G0016S0090,data/extracted/c_500/data/category1/G0016/session01/T0055G0016S0090.wav,你怎么这么笨的
T0055G0016S0347,data/extracted/c_500/data/category1/G0016/session01/T0055G0016S0347.wav,你知不知道我电话号码
T0055G0016S0209,data/extracted/c_500/data/category1/G0016/session01/T0055G0016S0209.wav,最近五天的温度是多少
T0055G0016S0461,data/extracted/c_500/data/category1/G0016/session01/T0055G0016S0461.wav,查汽车违章号码浙GJ八七八Z小型车
T0055G0016S0372,data/extracted/c_500/data/category1/G0016/session01/T0055G0016S0372.wav,武威到天水火车 时间 车次 价格
T0055G0016S0052,data/extracted/c_500/data/category1/G0016/session01/T0055G0016S0052.wav,百科 无锡有多少年建城史
T0055G0016S0385,data/extracted/c_500/data/category1/G0016/session01/T0055G0016S0385.wav,到了明年你还是单身吶
T0055G0016S0457,data/extracted/c_500/data/category1/G0016/session01/T0055G0016S0457.wav,芒果，苹果，我都买了一些，明天给你送过去，在路上吃
T0055G0016S0426,data/extracted/c_500/data/category1/G0016/session01/T0055G0016S0426.wav,一路向西这部电影
T0055G0016S0149,data/extracted/c_500/data/category1/G0016/session01/T0055G0016S0149.wav,帮我报一下今天的天气
T0055G0016S0192,data/extracted/c_500/data/category1/G0016/session01/T0055G0016S0192.wav,可以用粤语说话吗
T0055G0016S0186,data/extracted/c_500/data/category1/G0016/session01/T0055G0016S0186.wav,那你就在我这吃晚饭吧晚上不怕不着急走
T0055G0016S0035,data/extracted/c_500/data/category1/G0016/session01/T0055G0016S0035.wav,我发现我已经爱上你了
T0055G0016S0472,data/extracted/c_500/data/category1/G0016/session01/T0055G0016S0472.wav,帮我查询一下 今天的天气情况
T0055G0016S0442,data/extracted/c_500/data/category1/G0016/session01/T0055G0016S0442.wav,人胡思乱想的原因怎样改变具体措施
T0055G0016S0182,data/extracted/c_500/data/category1/G0016/session01/T0055G0016S0182.wav,我想问一件事情
T0055G0016S0154,data/extracted/c_500/data/category1/G0016/session01/T0055G0016S0154.wav,早上好日语怎么说
T0055G0016S0423,data/extracted/c_500/data/category1/G0016/session01/T0055G0016S0423.wav,你长得漂不漂亮呀
T0055G0016S0454,data/extracted/c_500/data/category1/G0016/session01/T0055G0016S0454.wav,重庆apple专卖
T0055G0016S0094,data/extracted/c_500/data/category1/G0016/session01/T0055G0016S0094.wav,恐怖片子阿拉扯皮
T0055G0016S0075,data/extracted/c_500/data/category1/G0016/session01/T0055G0016S0075.wav,天气太冷了翻译成英语
T0055G0016S0033,data/extracted/c_500/data/category1/G0016/session01/T0055G0016S0033.wav,那你可以休息了，退出吧
T0055G0016S0260,data/extracted/c_500/data/category1/G0016/session01/T0055G0016S0260.wav,那你找到了没有呢
T0055G0016S0151,data/extracted/c_500/data/category1/G0016/session01/T0055G0016S0151.wav,我是八年级同学我喜欢一个女生我该怎办
T0055G0016S0144,data/extracted/c_500/data/category1/G0016/session01/T0055G0016S0144.wav,打电话给何海燕儿
T0055G0016S0112,data/extracted/c_500/data/category1/G0016/session01/T0055G0016S0112.wav,我要看恐怖电影 没事的
T0055G0016S0388,data/extracted/c_500/data/category1/G0016/session01/T0055G0016S0388.wav,给宝宝唱一首歌
T0055G0016S0367,data/extracted/c_500/data/category1/G0016/session01/T0055G0016S0367.wav,古代小说三国演艺中蜀国的五虎将是谁
T0055G0016S0141,data/extracted/c_500/data/category1/G0016/session01/T0055G0016S0141.wav,新卡的芯片儿是怎么回事儿
T0055G0016S0315,data/extracted/c_500/data/category1/G0016/session01/T0055G0016S0315.wav,那你知道什么呢
T0055G0016S0170,data/extracted/c_500/data/category1/G0016/session01/T0055G0016S0170.wav,给我讲一个超级搞笑的笑话
T0055G0016S0234,data/extracted/c_500/data/category1/G0016/session01/T0055G0016S0234.wav,绵阳有什么好玩的
T0055G0016S0028,data/extracted/c_500/data/category1/G0016/session01/T0055G0016S0028.wav,三点四十五叫我起床
T0055G0016S0236,data/extracted/c_500/data/category1/G0016/session01/T0055G0016S0236.wav,你好的用英语怎么说
T0055G0016S0456,data/extracted/c_500/data/category1/G0016/session01/T0055G0016S0456.wav,糖醋鲤鱼的做法
T0055G0016S0291,data/extracted/c_500/data/category1/G0016/session01/T0055G0016S0291.wav,九五年欧美热门音乐
T0055G0016S0101,data/extracted/c_500/data/category1/G0016/session01/T0055G0016S0101.wav,三星手机和华为手机
T0055G0016S0266,data/extracted/c_500/data/category1/G0016/session01/T0055G0016S0266.wav,把这个音乐给我关了
T0055G0016S0411,data/extracted/c_500/data/category1/G0016/session01/T0055G0016S0411.wav,注意乳房补充血液
T0055G0016S0014,data/extracted/c_500/data/category1/G0016/session01/T0055G0016S0014.wav,明天去哪里好玩儿
T0055G0016S0336,data/extracted/c_500/data/category1/G0016/session01/T0055G0016S0336.wav,你认不认识我家康康
T0055G0016S0069,data/extracted/c_500/data/category1/G0016/session01/T0055G0016S0069.wav,人民币和欧元的汇率
T0055G0016S0228,data/extracted/c_500/data/category1/G0016/session01/T0055G0016S0228.wav,去重庆
T0055G0016S0306,data/extracted/c_500/data/category1/G0016/session01/T0055G0016S0306.wav,明天早晨六点五十五叫我
T0055G0016S0394,data/extracted/c_500/data/category1/G0016/session01/T0055G0016S0394.wav,今天早晨吃什么呢
T0055G0016S0198,data/extracted/c_500/data/category1/G0016/session01/T0055G0016S0198.wav,这什么意思呀
T0055G0016S0098,data/extracted/c_500/data/category1/G0016/session01/T0055G0016S0098.wav,查看石家庄地图
T0055G0016S0040,data/extracted/c_500/data/category1/G0016/session01/T0055G0016S0040.wav,上海明天的天气怎么样
T0055G0016S0467,data/extracted/c_500/data/category1/G0016/session01/T0055G0016S0467.wav,我在哪里见过你吗
T0055G0016S0020,data/extracted/c_500/data/category1/G0016/session01/T0055G0016S0020.wav,来个藏族歌曲吧
T0055G0016S0001,data/extracted/c_500/data/category1/G0016/session01/T0055G0016S0001.wav,韩莹莹和郭一豪
T0055G0016S0378,data/extracted/c_500/data/category1/G0016/session01/T0055G0016S0378.wav,明天提醒我回家拿东西
T0055G0016S0264,data/extracted/c_500/data/category1/G0016/session01/T0055G0016S0264.wav,DNF中六十级的能不能把一级的带入机械牛图中
T0055G0016S0327,data/extracted/c_500/data/category1/G0016/session01/T0055G0016S0327.wav,请帮我拨个电话给外婆
T0055G0016S0050,data/extracted/c_500/data/category1/G0016/session01/T0055G0016S0050.wav,我要我要我就要
T0055G0016S0123,data/extracted/c_500/data/category1/G0016/session01/T0055G0016S0123.wav,你以为你很厉害吗
T0055G0016S0147,data/extracted/c_500/data/category1/G0016/session01/T0055G0016S0147.wav,打过来的微信读一下
T0055G0016S0451,data/extracted/c_500/data/category1/G0016/session01/T0055G0016S0451.wav,下载PPS
T0055G0016S0034,data/extracted/c_500/data/category1/G0016/session01/T0055G0016S0034.wav,八七六零二二二零二
T0055G0016S0283,data/extracted/c_500/data/category1/G0016/session01/T0055G0016S0283.wav,有没有别人的声音
T0055G0016S0242,data/extracted/c_500/data/category1/G0016/session01/T0055G0016S0242.wav,你去了三亚没有
T0055G0016S0061,data/extracted/c_500/data/category1/G0016/session01/T0055G0016S0061.wav,呼叫幺五八八零二三四七三
T0055G0016S0259,data/extracted/c_500/data/category1/G0016/session01/T0055G0016S0259.wav,给我煮饭
T0055G0016S0003,data/extracted/c_500/data/category1/G0016/session01/T0055G0016S0003.wav,关掉今天早上七点半的闹钟
T0055G0016S0097,data/extracted/c_500/data/category1/G0016/session01/T0055G0016S0097.wav,iphone五现在大概多少钱
T0055G0016S0241,data/extracted/c_500/data/category1/G0016/session01/T0055G0016S0241.wav,不用了 谢谢 我问你一个问题行吗
T0055G0016S0010,data/extracted/c_500/data/category1/G0016/session01/T0055G0016S0010.wav,发短信至二零一五
T0055G0016S0357,data/extracted/c_500/data/category1/G0016/session01/T0055G0016S0357.wav,你是傻帽你听不见我说话吗
T0055G0016S0304,data/extracted/c_500/data/category1/G0016/session01/T0055G0016S0304.wav,张翰是不是经常和郑爽打打闹闹的啊！
T0055G0016S0277,data/extracted/c_500/data/category1/G0016/session01/T0055G0016S0277.wav,附近有嫖娼场所吗
T0055G0016S0333,data/extracted/c_500/data/category1/G0016/session01/T0055G0016S0333.wav,五月天的 突然好想你
T0055G0016S0083,data/extracted/c_500/data/category1/G0016/session01/T0055G0016S0083.wav,你这声音怎么设置不好
T0055G0016S0391,data/extracted/c_500/data/category1/G0016/session01/T0055G0016S0391.wav,上飞机能带多少毫升的洗发水？分开几个包装允许吗？
T0055G0016S0171,data/extracted/c_500/data/category1/G0016/session01/T0055G0016S0171.wav,播放本地音乐欢喜就好
T0055G0016S0095,data/extracted/c_500/data/category1/G0016/session01/T0055G0016S0095.wav,小狗熊你在哪儿我一直在宿舍里和他们在等你
T0055G0016S0168,data/extracted/c_500/data/category1/G0016/session01/T0055G0016S0168.wav,七月十二号从襄樊开往广州站的列车有当天
T0055G0016S0173,data/extracted/c_500/data/category1/G0016/session01/T0055G0016S0173.wav,我想下载电影去哪个网站资源多
T0055G0016S0406,data/extracted/c_500/data/category1/G0016/session01/T0055G0016S0406.wav,歌曲韩宝仪的三年
T0055G0016S0201,data/extracted/c_500/data/category1/G0016/session01/T0055G0016S0201.wav,说话 我叫什么名字
T0055G0016S0361,data/extracted/c_500/data/category1/G0016/session01/T0055G0016S0361.wav,能直接到填存款单就行
T0055G0016S0356,data/extracted/c_500/data/category1/G0016/session01/T0055G0016S0356.wav,我打开哪些应用程序
T0055G0016S0227,data/extracted/c_500/data/category1/G0016/session01/T0055G0016S0227.wav,人妖长的什么样
T0055G0016S0396,data/extracted/c_500/data/category1/G0016/session01/T0055G0016S0396.wav,通过本服务平台可否开通WAP功能
T0055G0016S0100,data/extracted/c_500/data/category1/G0016/session01/T0055G0016S0100.wav,关闭以后再打开
T0055G0016S0199,data/extracted/c_500/data/category1/G0016/session01/T0055G0016S0199.wav,我说我喜欢你傻逼
T0055G0016S0390,data/extracted/c_500/data/category1/G0016/session01/T0055G0016S0390.wav,和你聊天真的很开心呦
T0055G0016S0435,data/extracted/c_500/data/category1/G0016/session01/T0055G0016S0435.wav,找一首好听的歌
T0055G0016S0289,data/extracted/c_500/data/category1/G0016/session01/T0055G0016S0289.wav,零下五至八摄氏度
T0055G0016S0349,data/extracted/c_500/data/category1/G0016/session01/T0055G0016S0349.wav,甘肃兰州市东县公馆在哪里
T0055G0016S0473,data/extracted/c_500/data/category1/G0016/session01/T0055G0016S0473.wav,帮我打开刚下载动态壁纸
T0055G0016S0183,data/extracted/c_500/data/category1/G0016/session01/T0055G0016S0183.wav,什么样的男生最好
T0055G0016S0226,data/extracted/c_500/data/category1/G0016/session01/T0055G0016S0226.wav,查一下扣费情况
T0055G0016S0486,data/extracted/c_500/data/category1/G0016/session01/T0055G0016S0486.wav,你能听懂中国话吗
T0055G0016S0246,data/extracted/c_500/data/category1/G0016/session01/T0055G0016S0246.wav,中华人民共和国公安部
T0055G0016S0335,data/extracted/c_500/data/category1/G0016/session01/T0055G0016S0335.wav,蛋糕店有没有卖奶酪？
T0055G0016S0093,data/extracted/c_500/data/category1/G0016/session01/T0055G0016S0093.wav,介绍一部好电影
T0055G0016S0449,data/extracted/c_500/data/category1/G0016/session01/T0055G0016S0449.wav,你不懂啊为什么呢
T0055G0016S0140,data/extracted/c_500/data/category1/G0016/session01/T0055G0016S0140.wav,这个时候应该干什么
T0055G0016S0027,data/extracted/c_500/data/category1/G0016/session01/T0055G0016S0027.wav,播放一首真实的故事
T0055G0016S0174,data/extracted/c_500/data/category1/G0016/session01/T0055G0016S0174.wav,发短信给爱蓝飞
T0055G0016S0284,data/extracted/c_500/data/category1/G0016/session01/T0055G0016S0284.wav,能不能换一个名字
T0055G0016S0220,data/extracted/c_500/data/category1/G0016/session01/T0055G0016S0220.wav,我喜欢不胖不瘦的
T0055G0016S0462,data/extracted/c_500/data/category1/G0016/session01/T0055G0016S0462.wav,你喜欢穿什么颜色内裤
T0055G0016S0012,data/extracted/c_500/data/category1/G0016/session01/T0055G0016S0012.wav,齐州到株洲高铁
T0055G0016S0047,data/extracted/c_500/data/category1/G0016/session01/T0055G0016S0047.wav,有个美女一直看我怎么办啊
T0055G0016S0231,data/extracted/c_500/data/category1/G0016/session01/T0055G0016S0231.wav,西安最好的夜总会
T0055G0016S0155,data/extracted/c_500/data/category1/G0016/session01/T0055G0016S0155.wav,弗雷德里克泰罗
T0055G0016S0300,data/extracted/c_500/data/category1/G0016/session01/T0055G0016S0300.wav,找个吓人的音乐
T0055G0016S0299,data/extracted/c_500/data/category1/G0016/session01/T0055G0016S0299.wav,我叫你帮我找一个老婆
T0055G0016S0164,data/extracted/c_500/data/category1/G0016/session01/T0055G0016S0164.wav,我的，英语怎么说
T0055G0016S0448,data/extracted/c_500/data/category1/G0016/session01/T0055G0016S0448.wav,我们送的是华为C二八零零我买的是是中兴C三六一
T0055G0016S0288,data/extracted/c_500/data/category1/G0016/session01/T0055G0016S0288.wav,给老公短发短信说回家吃饭
T0055G0016S0487,data/extracted/c_500/data/category1/G0016/session01/T0055G0016S0487.wav,玻璃标本，还挺贵的。
T0055G0016S0116,data/extracted/c_500/data/category1/G0016/session01/T0055G0016S0116.wav,怎样做红烧牛肉
T0055G0016S0115,data/extracted/c_500/data/category1/G0016/session01/T0055G0016S0115.wav,深圳燃气一股多少钱
T0055G0016S0469,data/extracted/c_500/data/category1/G0016/session01/T0055G0016S0469.wav,那会是我的老婆
T0055G0016S0142,data/extracted/c_500/data/category1/G0016/session01/T0055G0016S0142.wav,我说我要发给迪克的短信
T0055G0016S0104,data/extracted/c_500/data/category1/G0016/session01/T0055G0016S0104.wav,播放歌曲三个和尚
T0055G0016S0127,data/extracted/c_500/data/category1/G0016/session01/T0055G0016S0127.wav,那你给我发一张呗
T0055G0016S0037,data/extracted/c_500/data/category1/G0016/session01/T0055G0016S0037.wav,你是狗用英语怎么说
T0055G0016S0425,data/extracted/c_500/data/category1/G0016/session01/T0055G0016S0425.wav,泡沫之夏 主角为什么不是黄晓明
T0055G0016S0474,data/extracted/c_500/data/category1/G0016/session01/T0055G0016S0474.wav,拨打电话五五二
T0055G0016S0343,data/extracted/c_500/data/category1/G0016/session01/T0055G0016S0343.wav,最新上线的电影
T0055G0016S0054,data/extracted/c_500/data/category1/G0016/session01/T0055G0016S0054.wav,拨李强的号儿
T0055G0016S0401,data/extracted/c_500/data/category1/G0016/session01/T0055G0016S0401.wav,谷歌倒计时
T0055G0016S0491,data/extracted/c_500/data/category1/G0016/session01/T0055G0016S0491.wav,来人了我不认识
T0055G0016S0344,data/extracted/c_500/data/category1/G0016/session01/T0055G0016S0344.wav,国家主席胡锦涛的简历
T0055G0016S0492,data/extracted/c_500/data/category1/G0016/session01/T0055G0016S0492.wav,有没有未接电话
T0055G0016S0128,data/extracted/c_500/data/category1/G0016/session01/T0055G0016S0128.wav,属羊的今年多大
T0055G0016S0007,data/extracted/c_500/data/category1/G0016/session01/T0055G0016S0007.wav,南京明天适合爬山吗
T0055G0016S0193,data/extracted/c_500/data/category1/G0016/session01/T0055G0016S0193.wav,看看博白今天天气
T0055G0016S0249,data/extracted/c_500/data/category1/G0016/session01/T0055G0016S0249.wav,什么好玩的软件儿
T0055G0016S0346,data/extracted/c_500/data/category1/G0016/session01/T0055G0016S0346.wav,今天哪个号码中了五百万
T0055G0016S0328,data/extracted/c_500/data/category1/G0016/session01/T0055G0016S0328.wav,明天中山的天气
T0055G0016S0374,data/extracted/c_500/data/category1/G0016/session01/T0055G0016S0374.wav,五升装福临门牌食用油价格
T0055G0016S0229,data/extracted/c_500/data/category1/G0016/session01/T0055G0016S0229.wav,早上九点喊我起床
T0055G0016S0376,data/extracted/c_500/data/category1/G0016/session01/T0055G0016S0376.wav,你穿的衣服没有
T0055G0016S0464,data/extracted/c_500/data/category1/G0016/session01/T0055G0016S0464.wav,拨打李世豪电话
T0055G0016S0287,data/extracted/c_500/data/category1/G0016/session01/T0055G0016S0287.wav,控制手机屏幕亮度
T0055G0016S0081,data/extracted/c_500/data/category1/G0016/session01/T0055G0016S0081.wav,帮我查一下从常州到仪征的汽车班次
T0055G0016S0118,data/extracted/c_500/data/category1/G0016/session01/T0055G0016S0118.wav,你嫁人了没有嫁人了就这样子
T0055G0016S0360,data/extracted/c_500/data/category1/G0016/session01/T0055G0016S0360.wav,直接说话就可以了
T0055G0016S0058,data/extracted/c_500/data/category1/G0016/session01/T0055G0016S0058.wav,请还有想报四六级的同学抓紧报名明天中午截止明天下午需要上交
T0055G0016S0274,data/extracted/c_500/data/category1/G0016/session01/T0055G0016S0274.wav,江苏省胸科医院
T0055G0016S0130,data/extracted/c_500/data/category1/G0016/session01/T0055G0016S0130.wav,语音识别能力差怎么办
T0055G0016S0039,data/extracted/c_500/data/category1/G0016/session01/T0055G0016S0039.wav,太原什么时候下雪
T0055G0016S0363,data/extracted/c_500/data/category1/G0016/session01/T0055G0016S0363.wav,说什么你都不知道
T0055G0016S0453,data/extracted/c_500/data/category1/G0016/session01/T0055G0016S0453.wav,您的短信让我受益不浅希望大家都在发与收中享受快乐啦
T0055G0016S0080,data/extracted/c_500/data/category1/G0016/session01/T0055G0016S0080.wav,我就是想看电视
T0055G0016S0218,data/extracted/c_500/data/category1/G0016/session01/T0055G0016S0218.wav,查找陈刚想的位置
T0055G0016S0133,data/extracted/c_500/data/category1/G0016/session01/T0055G0016S0133.wav,丰满型的就好了
T0055G0016S0086,data/extracted/c_500/data/category1/G0016/session01/T0055G0016S0086.wav,怎么走路去广州南站
T0055G0016S0441,data/extracted/c_500/data/category1/G0016/session01/T0055G0016S0441.wav,你能不能请我吃肯德基
T0055G0016S0188,data/extracted/c_500/data/category1/G0016/session01/T0055G0016S0188.wav,哈!还没。周一新加坡面试。
T0055G0016S0049,data/extracted/c_500/data/category1/G0016/session01/T0055G0016S0049.wav,我这人唯一的优点就是不会说谎
T0055G0016S0450,data/extracted/c_500/data/category1/G0016/session01/T0055G0016S0450.wav,拍一下附近最好的酒店
T0055G0016S0158,data/extracted/c_500/data/category1/G0016/session01/T0055G0016S0158.wav,去山东省立医院
T0055G0016S0230,data/extracted/c_500/data/category1/G0016/session01/T0055G0016S0230.wav,我说我老婆老凶了
T0055G0016S0286,data/extracted/c_500/data/category1/G0016/session01/T0055G0016S0286.wav,星期天我们去公园玩你也过来吧
T0055G0016S0270,data/extracted/c_500/data/category1/G0016/session01/T0055G0016S0270.wav,你吃早餐了没有啊
T0055G0016S0021,data/extracted/c_500/data/category1/G0016/session01/T0055G0016S0021.wav,我的老婆每天都很累
T0055G0016S0002,data/extracted/c_500/data/category1/G0016/session01/T0055G0016S0002.wav,今天有什么特别的新闻
T0055G0016S0172,data/extracted/c_500/data/category1/G0016/session01/T0055G0016S0172.wav,我先去洗个澡
T0055G0016S0247,data/extracted/c_500/data/category1/G0016/session01/T0055G0016S0247.wav,那你说点开心的
T0055G0016S0485,data/extracted/c_500/data/category1/G0016/session01/T0055G0016S0485.wav,有时是什么意思
T0055G0016S0016,data/extracted/c_500/data/category1/G0016/session01/T0055G0016S0016.wav,我说普通话标准吗
T0055G0016S0207,data/extracted/c_500/data/category1/G0016/session01/T0055G0016S0207.wav,讲述一遍马云的经历
T0055G0016S0145,data/extracted/c_500/data/category1/G0016/session01/T0055G0016S0145.wav,到西南民族大学
T0055G0016S0387,data/extracted/c_500/data/category1/G0016/session01/T0055G0016S0387.wav,九八年的鹿鼎记
T0055G0016S0297,data/extracted/c_500/data/category1/G0016/session01/T0055G0016S0297.wav,帮我找一下我老婆的电话
T0055G0016S0213,data/extracted/c_500/data/category1/G0016/session01/T0055G0016S0213.wav,集美欢乐迪消费表
T0055G0016S0276,data/extracted/c_500/data/category1/G0016/session01/T0055G0016S0276.wav,晚上七点三十分儿叫我
T0055G0016S0325,data/extracted/c_500/data/category1/G0016/session01/T0055G0016S0325.wav,播放音乐最后一次
T0055G0016S0215,data/extracted/c_500/data/category1/G0016/session01/T0055G0016S0215.wav,为什么一般男人不穿游泳衣而穿游泳裤
T0055G0016S0180,data/extracted/c_500/data/category1/G0016/session01/T0055G0016S0180.wav,你一点都不谦虚
T0055G0016S0159,data/extracted/c_500/data/category1/G0016/session01/T0055G0016S0159.wav,我想看少林小子
T0055G0016S0046,data/extracted/c_500/data/category1/G0016/session01/T0055G0016S0046.wav,你就给我讲个笑话吧
T0055G0016S0066,data/extracted/c_500/data/category1/G0016/session01/T0055G0016S0066.wav,给龙龙老公打电话
T0055G0016S0008,data/extracted/c_500/data/category1/G0016/session01/T0055G0016S0008.wav,为什么总听不懂我说的话
T0055G0016S0383,data/extracted/c_500/data/category1/G0016/session01/T0055G0016S0383.wav,你必须满足我的性需求
T0055G0016S0212,data/extracted/c_500/data/category1/G0016/session01/T0055G0016S0212.wav,十一点二十五叫我
T0055G0016S0232,data/extracted/c_500/data/category1/G0016/session01/T0055G0016S0232.wav,我吃饭了你吃饭没有
T0055G0016S0245,data/extracted/c_500/data/category1/G0016/session01/T0055G0016S0245.wav,武汉去上海的火车
T0055G0016S0460,data/extracted/c_500/data/category1/G0016/session01/T0055G0016S0460.wav,世界末日怎么没有来
T0055G0016S0114,data/extracted/c_500/data/category1/G0016/session01/T0055G0016S0114.wav,去武汉大学看樱花要钱吗
T0055G0016S0393,data/extracted/c_500/data/category1/G0016/session01/T0055G0016S0393.wav,今天下午五点半叫我起床
T0055G0016S0432,data/extracted/c_500/data/category1/G0016/session01/T0055G0016S0432.wav,舒蓓康保健内衣
T0055G0016S0073,data/extracted/c_500/data/category1/G0016/session01/T0055G0016S0073.wav,一小时以后提醒我打一份儿车的声明
T0055G0016S0334,data/extracted/c_500/data/category1/G0016/session01/T0055G0016S0334.wav,可以清空对话记录吗
T0055G0016S0206,data/extracted/c_500/data/category1/G0016/session01/T0055G0016S0206.wav,新蓝筹基金走势
T0055G0016S0321,data/extracted/c_500/data/category1/G0016/session01/T0055G0016S0321.wav,东莞到永州怎么走
T0055G0016S0056,data/extracted/c_500/data/category1/G0016/session01/T0055G0016S0056.wav,打个电话给京东
T0055G0016S0408,data/extracted/c_500/data/category1/G0016/session01/T0055G0016S0408.wav,一三三八三一四六零零
T0055G0016S0479,data/extracted/c_500/data/category1/G0016/session01/T0055G0016S0479.wav,我想听日记这首歌
T0055G0016S0062,data/extracted/c_500/data/category1/G0016/session01/T0055G0016S0062.wav,自贡到宜宾高速公路多少公里
T0055G0016S0324,data/extracted/c_500/data/category1/G0016/session01/T0055G0016S0324.wav,车库能装几架车
T0055G0016S0187,data/extracted/c_500/data/category1/G0016/session01/T0055G0016S0187.wav,我靠，你记性还挺好的
T0055G0016S0117,data/extracted/c_500/data/category1/G0016/session01/T0055G0016S0117.wav,太晚了我怕你早些接我
T0055G0016S0107,data/extracted/c_500/data/category1/G0016/session01/T0055G0016S0107.wav,请问明天重庆的天气好吗
T0055G0016S0272,data/extracted/c_500/data/category1/G0016/session01/T0055G0016S0272.wav,我说 我什么都有 就没有你这个女朋友
T0055G0016S0108,data/extracted/c_500/data/category1/G0016/session01/T0055G0016S0108.wav,黄石哪里可以唱歌
T0055G0016S0110,data/extracted/c_500/data/category1/G0016/session01/T0055G0016S0110.wav,传奇世界三十五级应该到哪里升级更快
T0055G0016S0124,data/extracted/c_500/data/category1/G0016/session01/T0055G0016S0124.wav,再给我说个笑话
T0055G0016S0371,data/extracted/c_500/data/category1/G0016/session01/T0055G0016S0371.wav,悦来酒店的房间
T0055G0016S0089,data/extracted/c_500/data/category1/G0016/session01/T0055G0016S0089.wav,遂宁市何时建市A一九五八B一九五九年C一九六零年
T0055G0016S0302,data/extracted/c_500/data/category1/G0016/session01/T0055G0016S0302.wav,i love you i love you
T0055G0016S0351,data/extracted/c_500/data/category1/G0016/session01/T0055G0016S0351.wav,太好了 你早点休息吧 我要睡觉了
T0055G0016S0152,data/extracted/c_500/data/category1/G0016/session01/T0055G0016S0152.wav,给家里面打电话
T0055G0016S0233,data/extracted/c_500/data/category1/G0016/session01/T0055G0016S0233.wav,我很烦我心情不好
T0055G0016S0484,data/extracted/c_500/data/category1/G0016/session01/T0055G0016S0484.wav,播放突然间的自我
T0055G0016S0200,data/extracted/c_500/data/category1/G0016/session01/T0055G0016S0200.wav,微波炉是做什么的
T0055G0016S0323,data/extracted/c_500/data/category1/G0016/session01/T0055G0016S0323.wav,知道我叫什么名字了吗
T0055G0016S0296,data/extracted/c_500/data/category1/G0016/session01/T0055G0016S0296.wav,潮州市潮安县有什么好小吃
T0055G0016S0303,data/extracted/c_500/data/category1/G0016/session01/T0055G0016S0303.wav,苹果手机是谁发明的
T0055G0016S0099,data/extracted/c_500/data/category1/G0016/session01/T0055G0016S0099.wav,翻译我无法表达我的感激之情
T0055G0016S0031,data/extracted/c_500/data/category1/G0016/session01/T0055G0016S0031.wav,为什么一加一等于二
T0055G0016S0267,data/extracted/c_500/data/category1/G0016/session01/T0055G0016S0267.wav,我不快乐怎么办
T0055G0016S0375,data/extracted/c_500/data/category1/G0016/session01/T0055G0016S0375.wav,附近有没有二十四小时营业的餐饮
T0055G0016S0122,data/extracted/c_500/data/category1/G0016/session01/T0055G0016S0122.wav,日本人都是变态
T0055G0016S0268,data/extracted/c_500/data/category1/G0016/session01/T0055G0016S0268.wav,打电话给王岐山
T0055G0016S0417,data/extracted/c_500/data/category1/G0016/session01/T0055G0016S0417.wav,怎么减肥效果最好
T0055G0016S0433,data/extracted/c_500/data/category1/G0016/session01/T0055G0016S0433.wav,删除所有的备忘录
T0055G0016S0269,data/extracted/c_500/data/category1/G0016/session01/T0055G0016S0269.wav,面向当代企业 高校和白领阶层的新锐人力资源媒体
T0055G0016S0067,data/extracted/c_500/data/category1/G0016/session01/T0055G0016S0067.wav,为什么用UIM卡通话会 系统无法为您服务
T0055G0016S0195,data/extracted/c_500/data/category1/G0016/session01/T0055G0016S0195.wav,你是不是亲生的啊
T0055G0016S0250,data/extracted/c_500/data/category1/G0016/session01/T0055G0016S0250.wav,怎样检查精子质量
T0055G0016S0358,data/extracted/c_500/data/category1/G0016/session01/T0055G0016S0358.wav,十二月二十一号北京站去往西安的火车票
T0055G0016S0235,data/extracted/c_500/data/category1/G0016/session01/T0055G0016S0235.wav,请问现在的西甲  英超  意甲  射手榜名单及进球数
T0055G0016S0494,data/extracted/c_500/data/category1/G0016/session01/T0055G0016S0494.wav,有哪些好听的歌
T0055G0016S0447,data/extracted/c_500/data/category1/G0016/session01/T0055G0016S0447.wav,帮我查一下明天的天气情况
T0055G0016S0499,data/extracted/c_500/data/category1/G0016/session01/T0055G0016S0499.wav,你不让我吃能行吗
T0055G0016S0203,data/extracted/c_500/data/category1/G0016/session01/T0055G0016S0203.wav,你现在能上网吗
T0055G0016S0392,data/extracted/c_500/data/category1/G0016/session01/T0055G0016S0392.wav,张艺谋与赵本山的地球
T0055G0016S0280,data/extracted/c_500/data/category1/G0016/session01/T0055G0016S0280.wav,播放歌曲今生缘
T0055G0016S0131,data/extracted/c_500/data/category1/G0016/session01/T0055G0016S0131.wav,明天早晨七点四十分提醒我拿公交卡
T0055G0016S0044,data/extracted/c_500/data/category1/G0016/session01/T0055G0016S0044.wav,我曾经最爱的女人
T0055G0016S0082,data/extracted/c_500/data/category1/G0016/session01/T0055G0016S0082.wav,播放电影人体蜈蚣
T0055G0016S0177,data/extracted/c_500/data/category1/G0016/session01/T0055G0016S0177.wav,你不会讲普通话吗
T0055G0016S0471,data/extracted/c_500/data/category1/G0016/session01/T0055G0016S0471.wav,我想买戴尔电脑
T0055G0016S0345,data/extracted/c_500/data/category1/G0016/session01/T0055G0016S0345.wav,就是因为吃了早饭午饭才吃不下了啊变胖了
T0055G0016S0153,data/extracted/c_500/data/category1/G0016/session01/T0055G0016S0153.wav,儿子读书成绩差怎么办
T0055G0016S0496,data/extracted/c_500/data/category1/G0016/session01/T0055G0016S0496.wav,同我打电话给老舅
T0055G0016S0290,data/extracted/c_500/data/category1/G0016/session01/T0055G0016S0290.wav,打开相机照相功能
T0055G0016S0244,data/extracted/c_500/data/category1/G0016/session01/T0055G0016S0244.wav,给你找一个老公好吗
T0055G0016S0292,data/extracted/c_500/data/category1/G0016/session01/T0055G0016S0292.wav,宽带错误六七八
T0055G0016S0430,data/extracted/c_500/data/category1/G0016/session01/T0055G0016S0430.wav,开通会员儿在宁夏应播打
T0055G0016S0338,data/extracted/c_500/data/category1/G0016/session01/T0055G0016S0338.wav,你们是蠢猪还是脑残这么简单的都不会
T0055G0016S0261,data/extracted/c_500/data/category1/G0016/session01/T0055G0016S0261.wav,我今天心情好差
T0055G0016S0146,data/extracted/c_500/data/category1/G0016/session01/T0055G0016S0146.wav,你能连接电脑主机吗
T0055G0016S0256,data/extracted/c_500/data/category1/G0016/session01/T0055G0016S0256.wav,三四五一二三四五
T0055G0016S0163,data/extracted/c_500/data/category1/G0016/session01/T0055G0016S0163.wav,可以用嘴说的吗
T0055G0016S0019,data/extracted/c_500/data/category1/G0016/session01/T0055G0016S0019.wav,明天盐城的天气
T0055G0016S0160,data/extracted/c_500/data/category1/G0016/session01/T0055G0016S0160.wav,我不想说女朋友回家怎么办呀
T0055G0016S0341,data/extracted/c_500/data/category1/G0016/session01/T0055G0016S0341.wav,告诉我现在有什么好吃的
T0055G0016S0380,data/extracted/c_500/data/category1/G0016/session01/T0055G0016S0380.wav,给我放歌曲 我们都一样
T0055G0016S0340,data/extracted/c_500/data/category1/G0016/session01/T0055G0016S0340.wav,灰褐色的兔子多不多？
T0055G0016S0468,data/extracted/c_500/data/category1/G0016/session01/T0055G0016S0468.wav,大连汽车违章查询
T0055G0016S0481,data/extracted/c_500/data/category1/G0016/session01/T0055G0016S0481.wav,给我唱一首歌听一下
T0055G0016S0488,data/extracted/c_500/data/category1/G0016/session01/T0055G0016S0488.wav,网络一线牵放一首
T0055G0016S0480,data/extracted/c_500/data/category1/G0016/session01/T0055G0016S0480.wav,提前有部队到学校招收的大三文艺学生报名要有哪些手续
T0055G0016S0071,data/extracted/c_500/data/category1/G0016/session01/T0055G0016S0071.wav,好像我们的老师是个法国人。
T0055G0016S0085,data/extracted/c_500/data/category1/G0016/session01/T0055G0016S0085.wav,我不喜欢社会主义
T0055G0016S0310,data/extracted/c_500/data/category1/G0016/session01/T0055G0016S0310.wav,我想从两江飞往厦门的机票 从一号到五号有最低折扣机票吗
T0055G0016S0373,data/extracted/c_500/data/category1/G0016/session01/T0055G0016S0373.wav,广东省高级人民法院
T0055G0016S0074,data/extracted/c_500/data/category1/G0016/session01/T0055G0016S0074.wav,明天早上四点钟提醒我开会
T0055G0016S0248,data/extracted/c_500/data/category1/G0016/session01/T0055G0016S0248.wav,蜂蜜吃了有什么好处
T0055G0016S0076,data/extracted/c_500/data/category1/G0016/session01/T0055G0016S0076.wav,绍兴的名胜古迹
T0055G0016S0221,data/extracted/c_500/data/category1/G0016/session01/T0055G0016S0221.wav,西安优优KTV包间怎么算
T0055G0016S0253,data/extracted/c_500/data/category1/G0016/session01/T0055G0016S0253.wav,你把我灌醉是什么歌
T0055G0016S0452,data/extracted/c_500/data/category1/G0016/session01/T0055G0016S0452.wav,光盘效果不太好照片儿底片儿保存好还要洗些
T0055G0016S0307,data/extracted/c_500/data/category1/G0016/session01/T0055G0016S0307.wav,怎么声这么小
T0055G0016S0070,data/extracted/c_500/data/category1/G0016/session01/T0055G0016S0070.wav,上海美术馆在哪里
T0055G0016S0096,data/extracted/c_500/data/category1/G0016/session01/T0055G0016S0096.wav,请三点半到十五号楼下集合
T0055G0016S0224,data/extracted/c_500/data/category1/G0016/session01/T0055G0016S0224.wav,那你什么时候，变得更聪明呢
T0055G0016S0078,data/extracted/c_500/data/category1/G0016/session01/T0055G0016S0078.wav,一个小时以后叫我可以吗
T0055G0016S0048,data/extracted/c_500/data/category1/G0016/session01/T0055G0016S0048.wav,城关小学在哪里
T0055G0016S0263,data/extracted/c_500/data/category1/G0016/session01/T0055G0016S0263.wav,告诉我吃什么样的早餐比较有营养
T0055G0016S0301,data/extracted/c_500/data/category1/G0016/session01/T0055G0016S0301.wav,山海关至锦州动车
T0055G0016S0312,data/extracted/c_500/data/category1/G0016/session01/T0055G0016S0312.wav,可以叫我一声啊
T0055G0016S0065,data/extracted/c_500/data/category1/G0016/session01/T0055G0016S0065.wav,市教育局在哪里
T0055G0016S0184,data/extracted/c_500/data/category1/G0016/session01/T0055G0016S0184.wav,播放迈克儿杰克逊的歌
T0055G0016S0165,data/extracted/c_500/data/category1/G0016/session01/T0055G0016S0165.wav,给我讲个故事好吗
T0055G0016S0009,data/extracted/c_500/data/category1/G0016/session01/T0055G0016S0009.wav,打个电话给熊经理
T0055G0016S0483,data/extracted/c_500/data/category1/G0016/session01/T0055G0016S0483.wav,松原市天气预报
T0055G0016S0053,data/extracted/c_500/data/category1/G0016/session01/T0055G0016S0053.wav,明日六点二十五分叫我起床
T0055G0016S0251,data/extracted/c_500/data/category1/G0016/session01/T0055G0016S0251.wav,我告诉你一个秘密 我有老婆了
T0055G0016S0205,data/extracted/c_500/data/category1/G0016/session01/T0055G0016S0205.wav,你知道我的小宝叫什么名
T0055G0016S0482,data/extracted/c_500/data/category1/G0016/session01/T0055G0016S0482.wav,给我讲故事快点
T0055G0016S0278,data/extracted/c_500/data/category1/G0016/session01/T0055G0016S0278.wav,龙管男是什么意思
T0055G0016S0318,data/extracted/c_500/data/category1/G0016/session01/T0055G0016S0318.wav,我想知道有什么好玩儿的
T0055G0016S0362,data/extracted/c_500/data/category1/G0016/session01/T0055G0016S0362.wav,今天晚上陪我睡觉
T0055G0016S0219,data/extracted/c_500/data/category1/G0016/session01/T0055G0016S0219.wav,请问现在在超市吗
T0055G0016S0458,data/extracted/c_500/data/category1/G0016/session01/T0055G0016S0458.wav,海洋世界的门票是多少钱
T0055G0016S0434,data/extracted/c_500/data/category1/G0016/session01/T0055G0016S0434.wav,百度的创始人是谁
T0055G0016S0038,data/extracted/c_500/data/category1/G0016/session01/T0055G0016S0038.wav,发短信给国外手机号.怎么发?电信又是怎么收费?
T0055G0016S0225,data/extracted/c_500/data/category1/G0016/session01/T0055G0016S0225.wav,给我播放这首歌吧
T0055G0016S0295,data/extracted/c_500/data/category1/G0016/session01/T0055G0016S0295.wav,潍坊七中篮球队
T0055G0016S0211,data/extracted/c_500/data/category1/G0016/session01/T0055G0016S0211.wav,有什么经济实惠的饭店
T0055G0016S0059,data/extracted/c_500/data/category1/G0016/session01/T0055G0016S0059.wav,我问你，能不能听懂，我说的普通话
T0055G0016S0403,data/extracted/c_500/data/category1/G0016/session01/T0055G0016S0403.wav,走到哪里了带一块儿豆腐回来做汤
T0055G0016S0398,data/extracted/c_500/data/category1/G0016/session01/T0055G0016S0398.wav,我要买iphone五
T0055G0016S0455,data/extracted/c_500/data/category1/G0016/session01/T0055G0016S0455.wav,天行者天脊乾坤剑属性
T0055G0016S0105,data/extracted/c_500/data/category1/G0016/session01/T0055G0016S0105.wav,你是个聪明的机器人儿
T0055G0016S0254,data/extracted/c_500/data/category1/G0016/session01/T0055G0016S0254.wav,北京上海航班
T0055G0016S0013,data/extracted/c_500/data/category1/G0016/session01/T0055G0016S0013.wav,我想听你唱，我要死了
T0055G0016S0111,data/extracted/c_500/data/category1/G0016/session01/T0055G0016S0111.wav,"如何抵制不良诱惑,增强抵制不良诱惑的能力"
T0055G0016S0331,data/extracted/c_500/data/category1/G0016/session01/T0055G0016S0331.wav,蓝花郎酒多少钱一瓶
T0055G0016S0275,data/extracted/c_500/data/category1/G0016/session01/T0055G0016S0275.wav,地球上为什么只有男人和女人
T0055G0016S0271,data/extracted/c_500/data/category1/G0016/session01/T0055G0016S0271.wav,去成都商贸城怎么走啊
T0055G0016S0252,data/extracted/c_500/data/category1/G0016/session01/T0055G0016S0252.wav,以后叫我大宝宝
T0055G0016S0445,data/extracted/c_500/data/category1/G0016/session01/T0055G0016S0445.wav,你现在发过来吧
T0055G0016S0121,data/extracted/c_500/data/category1/G0016/session01/T0055G0016S0121.wav,提尔皮茨号超级战列舰
T0055G0016S0389,data/extracted/c_500/data/category1/G0016/session01/T0055G0016S0389.wav,可以换一首歌吗
T0055G0016S0437,data/extracted/c_500/data/category1/G0016/session01/T0055G0016S0437.wav,告诉一个人认真仔细坚强开心自信的一句精辟的话
T0055G0016S0493,data/extracted/c_500/data/category1/G0016/session01/T0055G0016S0493.wav,请在明天早上八点
T0055G0016S0202,data/extracted/c_500/data/category1/G0016/session01/T0055G0016S0202.wav,打电话给二老婆
T0055G0016S0217,data/extracted/c_500/data/category1/G0016/session01/T0055G0016S0217.wav,有没有关于洛克王国的游戏
T0055G0016S0197,data/extracted/c_500/data/category1/G0016/session01/T0055G0016S0197.wav,今儿今儿个限行尾号是单号儿还是双号
T0055G0016S0216,data/extracted/c_500/data/category1/G0016/session01/T0055G0016S0216.wav,"我去韩国工作和找房子五千元人民币,"
T0055G0016S0222,data/extracted/c_500/data/category1/G0016/session01/T0055G0016S0222.wav,武汉有多少所体育类型的大学
T0055G0016S0399,data/extracted/c_500/data/category1/G0016/session01/T0055G0016S0399.wav,我叫你叫我老头儿
T0055G0016S0326,data/extracted/c_500/data/category1/G0016/session01/T0055G0016S0326.wav,打开最新全国电子狗
T0055G0016S0459,data/extracted/c_500/data/category1/G0016/session01/T0055G0016S0459.wav,随便播放一首吧
T0055G0016S0161,data/extracted/c_500/data/category1/G0016/session01/T0055G0016S0161.wav,不和你聊天了，关了吧
T0055G0016S0369,data/extracted/c_500/data/category1/G0016/session01/T0055G0016S0369.wav,我心情不太好你能开导开导我吗
T0055G0016S0365,data/extracted/c_500/data/category1/G0016/session01/T0055G0016S0365.wav,what是什么意思
T0055G0016S0129,data/extracted/c_500/data/category1/G0016/session01/T0055G0016S0129.wav,喂喂喂喂喂喂
T0055G0016S0353,data/extracted/c_500/data/category1/G0016/session01/T0055G0016S0353.wav,桂江一中在哪里
T0055G0016S0136,data/extracted/c_500/data/category1/G0016/session01/T0055G0016S0136.wav,二十六号到上海的火车
T0055G0016S0132,data/extracted/c_500/data/category1/G0016/session01/T0055G0016S0132.wav,我要给罗晋发送我爱你
T0055G0016S0422,data/extracted/c_500/data/category1/G0016/session01/T0055G0016S0422.wav,我在床上睡不着呀
T0055G0016S0091,data/extracted/c_500/data/category1/G0016/session01/T0055G0016S0091.wav,打电话给王力宏
T0055G0016S0370,data/extracted/c_500/data/category1/G0016/session01/T0055G0016S0370.wav,嘿嘿今天打的好爽我们班女生被我追着打
T0055G0016S0119,data/extracted/c_500/data/category1/G0016/session01/T0055G0016S0119.wav,你们放学了吗，不要老让姐等你啊，快出来啊，没有学生会的啊
T0055G0016S0005,data/extracted/c_500/data/category1/G0016/session01/T0055G0016S0005.wav,有缘婚恋怎么玩儿了
T0055G0016S0415,data/extracted/c_500/data/category1/G0016/session01/T0055G0016S0415.wav,广州东站在什么位置
T0055G0016S0143,data/extracted/c_500/data/category1/G0016/session01/T0055G0016S0143.wav,我要黄色的故事
T0055G0016S0120,data/extracted/c_500/data/category1/G0016/session01/T0055G0016S0120.wav,本机没有浏览器怎么上网
T0055G0016S0024,data/extracted/c_500/data/category1/G0016/session01/T0055G0016S0024.wav,十四点二十提醒我
T0055G0016S0436,data/extracted/c_500/data/category1/G0016/session01/T0055G0016S0436.wav,放首音乐给我听听
T0055G0016S0429,data/extracted/c_500/data/category1/G0016/session01/T0055G0016S0429.wav,有人欺负我怎么办
T0055G0016S0404,data/extracted/c_500/data/category1/G0016/session01/T0055G0016S0404.wav,查看我附近有多少个摄像头
T0055G0016S0409,data/extracted/c_500/data/category1/G0016/session01/T0055G0016S0409.wav,换一首好不好啊
T0055G0016S0498,data/extracted/c_500/data/category1/G0016/session01/T0055G0016S0498.wav,我要打电话给老爸
T0055G0016S0166,data/extracted/c_500/data/category1/G0016/session01/T0055G0016S0166.wav,去华强北怎么走
T0055G0016S0477,data/extracted/c_500/data/category1/G0016/session01/T0055G0016S0477.wav,江苏卫视最早什么时候重播仙剑三?
