T0055G0030S0447,data/extracted/c_500/data/category1/G0030/session01/T0055G0030S0447.wav,微博笑话
T0055G0030S0276,data/extracted/c_500/data/category1/G0030/session01/T0055G0030S0276.wav,这附近有休闲会所吗
T0055G0030S0305,data/extracted/c_500/data/category1/G0030/session01/T0055G0030S0305.wav,王家湾到汉口火车站怎么走
T0055G0030S0333,data/extracted/c_500/data/category1/G0030/session01/T0055G0030S0333.wav,你告诉我吃什么好呀
T0055G0030S0374,data/extracted/c_500/data/category1/G0030/session01/T0055G0030S0374.wav,姐姐我们什么时候最后一次补录呀我明天下午有时间
T0055G0030S0332,data/extracted/c_500/data/category1/G0030/session01/T0055G0030S0332.wav,你能帮我上班吗
T0055G0030S0442,data/extracted/c_500/data/category1/G0030/session01/T0055G0030S0442.wav,是苹果手机不是苹果，大姐
T0055G0030S0490,data/extracted/c_500/data/category1/G0030/session01/T0055G0030S0490.wav,二零一二年农历二十二月七日
T0055G0030S0006,data/extracted/c_500/data/category1/G0030/session01/T0055G0030S0006.wav,我今天才发现原来你是这么笨
T0055G0030S0021,data/extracted/c_500/data/category1/G0030/session01/T0055G0030S0021.wav,以前没有发现你这么可爱
T0055G0030S0070,data/extracted/c_500/data/category1/G0030/session01/T0055G0030S0070.wav,芯片如何储存信息
T0055G0030S0325,data/extracted/c_500/data/category1/G0030/session01/T0055G0030S0325.wav,你爸爸和你妈妈怎么是一个人
T0055G0030S0091,data/extracted/c_500/data/category1/G0030/session01/T0055G0030S0091.wav,我要你说笑话给我听
T0055G0030S0449,data/extracted/c_500/data/category1/G0030/session01/T0055G0030S0449.wav,播放歌曲地道战
T0055G0030S0426,data/extracted/c_500/data/category1/G0030/session01/T0055G0030S0426.wav,你是心情好还是心情坏
T0055G0030S0068,data/extracted/c_500/data/category1/G0030/session01/T0055G0030S0068.wav,我要照相打开照相机
T0055G0030S0389,data/extracted/c_500/data/category1/G0030/session01/T0055G0030S0389.wav,百度查呼伦贝尔
T0055G0030S0341,data/extracted/c_500/data/category1/G0030/session01/T0055G0030S0341.wav,接通中央电视台新闻频道
T0055G0030S0307,data/extracted/c_500/data/category1/G0030/session01/T0055G0030S0307.wav,你们电脑是不是无线上网
T0055G0030S0270,data/extracted/c_500/data/category1/G0030/session01/T0055G0030S0270.wav,明天七点叫醒我
T0055G0030S0435,data/extracted/c_500/data/category1/G0030/session01/T0055G0030S0435.wav,送一首千山万水给你
T0055G0030S0235,data/extracted/c_500/data/category1/G0030/session01/T0055G0030S0235.wav,是的我想找一下最近的美食
T0055G0030S0473,data/extracted/c_500/data/category1/G0030/session01/T0055G0030S0473.wav,洛阳市涧西区在什么地方
T0055G0030S0314,data/extracted/c_500/data/category1/G0030/session01/T0055G0030S0314.wav,明天珠海到重庆的飞机
T0055G0030S0350,data/extracted/c_500/data/category1/G0030/session01/T0055G0030S0350.wav,马克思是哪个国家的人
T0055G0030S0319,data/extracted/c_500/data/category1/G0030/session01/T0055G0030S0319.wav,我的话费还有多少
T0055G0030S0137,data/extracted/c_500/data/category1/G0030/session01/T0055G0030S0137.wav,以后请叫我老大
T0055G0030S0015,data/extracted/c_500/data/category1/G0030/session01/T0055G0030S0015.wav,查询合肥到上海的火车票
T0055G0030S0346,data/extracted/c_500/data/category1/G0030/session01/T0055G0030S0346.wav,超市的英语怎么读
T0055G0030S0109,data/extracted/c_500/data/category1/G0030/session01/T0055G0030S0109.wav,A六的质量怎么样
T0055G0030S0310,data/extracted/c_500/data/category1/G0030/session01/T0055G0030S0310.wav,帮我找个老公吧
T0055G0030S0316,data/extracted/c_500/data/category1/G0030/session01/T0055G0030S0316.wav,你的歌声真好听
T0055G0030S0444,data/extracted/c_500/data/category1/G0030/session01/T0055G0030S0444.wav,吃饱穿暖和你
T0055G0030S0303,data/extracted/c_500/data/category1/G0030/session01/T0055G0030S0303.wav,对全世界宣布我爱你
T0055G0030S0381,data/extracted/c_500/data/category1/G0030/session01/T0055G0030S0381.wav,成都到无锡的飞机票有没有
T0055G0030S0446,data/extracted/c_500/data/category1/G0030/session01/T0055G0030S0446.wav,超旺商业管理系统超市POS系统增强版怎样联系
T0055G0030S0199,data/extracted/c_500/data/category1/G0030/session01/T0055G0030S0199.wav,长沙黑色经典臭豆腐
T0055G0030S0263,data/extracted/c_500/data/category1/G0030/session01/T0055G0030S0263.wav,你在中村看电影
T0055G0030S0204,data/extracted/c_500/data/category1/G0030/session01/T0055G0030S0204.wav,抽刀断水水更流
T0055G0030S0229,data/extracted/c_500/data/category1/G0030/session01/T0055G0030S0229.wav,日本国足主力阵容
T0055G0030S0428,data/extracted/c_500/data/category1/G0030/session01/T0055G0030S0428.wav,晚上睡不着玩什么好呢
T0055G0030S0008,data/extracted/c_500/data/category1/G0030/session01/T0055G0030S0008.wav,你喜欢我我又不喜欢你
T0055G0030S0195,data/extracted/c_500/data/category1/G0030/session01/T0055G0030S0195.wav,十三号晚八点五十分从成都发往武昌K三五二列车什么时间到武昌
T0055G0030S0391,data/extracted/c_500/data/category1/G0030/session01/T0055G0030S0391.wav,明天上午五点四十五分叫我起床
T0055G0030S0401,data/extracted/c_500/data/category1/G0030/session01/T0055G0030S0401.wav,你想知道我叫什么名字吗
T0055G0030S0182,data/extracted/c_500/data/category1/G0030/session01/T0055G0030S0182.wav,你以后都叫我亲爱的
T0055G0030S0383,data/extracted/c_500/data/category1/G0030/session01/T0055G0030S0383.wav,你会不会用导航
T0055G0030S0061,data/extracted/c_500/data/category1/G0030/session01/T0055G0030S0061.wav,我说一句话你必须反应快一点
T0055G0030S0370,data/extracted/c_500/data/category1/G0030/session01/T0055G0030S0370.wav,王杨卢骆分别指古代哪四位诗人他们合称为什么
T0055G0030S0324,data/extracted/c_500/data/category1/G0030/session01/T0055G0030S0324.wav,我们的宝贝叫图丁
T0055G0030S0459,data/extracted/c_500/data/category1/G0030/session01/T0055G0030S0459.wav,那你给我笑一个听听看
T0055G0030S0354,data/extracted/c_500/data/category1/G0030/session01/T0055G0030S0354.wav,今天你去哪儿了找了半天没找到速回
T0055G0030S0352,data/extracted/c_500/data/category1/G0030/session01/T0055G0030S0352.wav,我说你赶紧出来吧
T0055G0030S0430,data/extracted/c_500/data/category1/G0030/session01/T0055G0030S0430.wav,搜索刘德华照片
T0055G0030S0069,data/extracted/c_500/data/category1/G0030/session01/T0055G0030S0069.wav,你真的不愿意答应我吗
T0055G0030S0126,data/extracted/c_500/data/category1/G0030/session01/T0055G0030S0126.wav,哈尔滨哪家烧烤好吃还干净环境也好
T0055G0030S0463,data/extracted/c_500/data/category1/G0030/session01/T0055G0030S0463.wav,中山路阳光财险大厦地址，乘车路线
T0055G0030S0330,data/extracted/c_500/data/category1/G0030/session01/T0055G0030S0330.wav,你给我搜索光屁屁的美女
T0055G0030S0432,data/extracted/c_500/data/category1/G0030/session01/T0055G0030S0432.wav,惊天奇案关于龙佳
T0055G0030S0336,data/extracted/c_500/data/category1/G0030/session01/T0055G0030S0336.wav,怨无大小生于所爱
T0055G0030S0282,data/extracted/c_500/data/category1/G0030/session01/T0055G0030S0282.wav,找工作上哪个网站比较好
T0055G0030S0379,data/extracted/c_500/data/category1/G0030/session01/T0055G0030S0379.wav,中原工学院在哪儿
T0055G0030S0487,data/extracted/c_500/data/category1/G0030/session01/T0055G0030S0487.wav,我说我不听歌儿了
T0055G0030S0337,data/extracted/c_500/data/category1/G0030/session01/T0055G0030S0337.wav,最想听到的男人歌曲
T0055G0030S0377,data/extracted/c_500/data/category1/G0030/session01/T0055G0030S0377.wav,我的名字叫王凯
T0055G0030S0434,data/extracted/c_500/data/category1/G0030/session01/T0055G0030S0434.wav,你妹啊你说什么
T0055G0030S0457,data/extracted/c_500/data/category1/G0030/session01/T0055G0030S0457.wav,你怎么知道我想说什么
T0055G0030S0375,data/extracted/c_500/data/category1/G0030/session01/T0055G0030S0375.wav,九点上课，知道吗，现在开始上了。
T0055G0030S0250,data/extracted/c_500/data/category1/G0030/session01/T0055G0030S0250.wav,回去把衣服洗了
T0055G0030S0266,data/extracted/c_500/data/category1/G0030/session01/T0055G0030S0266.wav,明天早上八点叫我一下
T0055G0030S0366,data/extracted/c_500/data/category1/G0030/session01/T0055G0030S0366.wav,小桥流水的丽江迷人吧哈哈按照我给你们的攻略找就是啦
T0055G0030S0003,data/extracted/c_500/data/category1/G0030/session01/T0055G0030S0003.wav,明天青岛的天气怎么样
T0055G0030S0076,data/extracted/c_500/data/category1/G0030/session01/T0055G0030S0076.wav,连肯德基都找不到
T0055G0030S0355,data/extracted/c_500/data/category1/G0030/session01/T0055G0030S0355.wav,冬至吃饺子附近有饺子馆吗
T0055G0030S0288,data/extracted/c_500/data/category1/G0030/session01/T0055G0030S0288.wav,海丰县鱼苗生产销售地址
T0055G0030S0369,data/extracted/c_500/data/category1/G0030/session01/T0055G0030S0369.wav,你什么时候十八岁
T0055G0030S0241,data/extracted/c_500/data/category1/G0030/session01/T0055G0030S0241.wav,从深圳飞西安的飞机票多少钱
T0055G0030S0048,data/extracted/c_500/data/category1/G0030/session01/T0055G0030S0048.wav,说点好听的好不好
T0055G0030S0268,data/extracted/c_500/data/category1/G0030/session01/T0055G0030S0268.wav,下载不要钱不要流量的电视剧
T0055G0030S0132,data/extracted/c_500/data/category1/G0030/session01/T0055G0030S0132.wav,老骥伏枥志在千里
T0055G0030S0395,data/extracted/c_500/data/category1/G0030/session01/T0055G0030S0395.wav,乳汁液体贴补充足
T0055G0030S0362,data/extracted/c_500/data/category1/G0030/session01/T0055G0030S0362.wav,你知道我们现在在哪儿吗
T0055G0030S0321,data/extracted/c_500/data/category1/G0030/session01/T0055G0030S0321.wav,体彩兑奖方法
T0055G0030S0409,data/extracted/c_500/data/category1/G0030/session01/T0055G0030S0409.wav,这几天真背又被老板批了
T0055G0030S0439,data/extracted/c_500/data/category1/G0030/session01/T0055G0030S0439.wav,我不看 我不看帅哥的照片我 我美女的照片
T0055G0030S0349,data/extracted/c_500/data/category1/G0030/session01/T0055G0030S0349.wav,打电话给王兆东
T0055G0030S0476,data/extracted/c_500/data/category1/G0030/session01/T0055G0030S0476.wav,播放音乐给你们
T0055G0030S0084,data/extracted/c_500/data/category1/G0030/session01/T0055G0030S0084.wav,这里最出名的喝的是啥
T0055G0030S0165,data/extracted/c_500/data/category1/G0030/session01/T0055G0030S0165.wav,金志文唱的为爱痴狂
T0055G0030S0118,data/extracted/c_500/data/category1/G0030/session01/T0055G0030S0118.wav,我说的是 你给我来一个笑话
T0055G0030S0467,data/extracted/c_500/data/category1/G0030/session01/T0055G0030S0467.wav,三立兴儿童自行椅
T0055G0030S0099,data/extracted/c_500/data/category1/G0030/session01/T0055G0030S0099.wav,不需要你讲笑话给我
T0055G0030S0261,data/extracted/c_500/data/category1/G0030/session01/T0055G0030S0261.wav,辽宁今天地震了
T0055G0030S0183,data/extracted/c_500/data/category1/G0030/session01/T0055G0030S0183.wav,你好请问眉山市法律援助中心电话地址
T0055G0030S0251,data/extracted/c_500/data/category1/G0030/session01/T0055G0030S0251.wav,用压力锅做排骨
T0055G0030S0479,data/extracted/c_500/data/category1/G0030/session01/T0055G0030S0479.wav,请问你是小姐吗
T0055G0030S0045,data/extracted/c_500/data/category1/G0030/session01/T0055G0030S0045.wav,不用你为我高兴
T0055G0030S0298,data/extracted/c_500/data/category1/G0030/session01/T0055G0030S0298.wav,全国名为李曼的名字人数
T0055G0030S0051,data/extracted/c_500/data/category1/G0030/session01/T0055G0030S0051.wav,刚才讲的笑话儿不好笑再讲一个给我听
T0055G0030S0420,data/extracted/c_500/data/category1/G0030/session01/T0055G0030S0420.wav,肚子饿了要吃饭
T0055G0030S0322,data/extracted/c_500/data/category1/G0030/session01/T0055G0030S0322.wav,福州有什么好玩的
T0055G0030S0384,data/extracted/c_500/data/category1/G0030/session01/T0055G0030S0384.wav,泰国旅游的主要景点有哪些
T0055G0030S0416,data/extracted/c_500/data/category1/G0030/session01/T0055G0030S0416.wav,我是你的主人不叫出轨吗你叫我美女
T0055G0030S0393,data/extracted/c_500/data/category1/G0030/session01/T0055G0030S0393.wav,取消明天早上五点叫醒我
T0055G0030S0299,data/extracted/c_500/data/category1/G0030/session01/T0055G0030S0299.wav,打个电话给人类
T0055G0030S0363,data/extracted/c_500/data/category1/G0030/session01/T0055G0030S0363.wav,你做我的女朋友好吗
T0055G0030S0462,data/extracted/c_500/data/category1/G0030/session01/T0055G0030S0462.wav,音乐播放器下载
T0055G0030S0402,data/extracted/c_500/data/category1/G0030/session01/T0055G0030S0402.wav,刚才那个短信呢
T0055G0030S0328,data/extracted/c_500/data/category1/G0030/session01/T0055G0030S0328.wav,印花税票如何注销
T0055G0030S0079,data/extracted/c_500/data/category1/G0030/session01/T0055G0030S0079.wav,给周周发短信还需要多久
T0055G0030S0296,data/extracted/c_500/data/category1/G0030/session01/T0055G0030S0296.wav,那你来点儿音乐呗
T0055G0030S0198,data/extracted/c_500/data/category1/G0030/session01/T0055G0030S0198.wav,二十二点二十五分提醒我
T0055G0030S0464,data/extracted/c_500/data/category1/G0030/session01/T0055G0030S0464.wav,最好吃的是什么
T0055G0030S0453,data/extracted/c_500/data/category1/G0030/session01/T0055G0030S0453.wav,你为什么又出来了
T0055G0030S0399,data/extracted/c_500/data/category1/G0030/session01/T0055G0030S0399.wav,女儿叫做什么名字
T0055G0030S0273,data/extracted/c_500/data/category1/G0030/session01/T0055G0030S0273.wav,请问一下十七号石家庄到沈阳最晚那趟车多少点开车?
T0055G0030S0494,data/extracted/c_500/data/category1/G0030/session01/T0055G0030S0494.wav,打电话给于千里
T0055G0030S0175,data/extracted/c_500/data/category1/G0030/session01/T0055G0030S0175.wav,明天七星彩开什么奖
T0055G0030S0371,data/extracted/c_500/data/category1/G0030/session01/T0055G0030S0371.wav,我想讲一个笑话好吗
T0055G0030S0127,data/extracted/c_500/data/category1/G0030/session01/T0055G0030S0127.wav,焦作到新乡怎么走
T0055G0030S0309,data/extracted/c_500/data/category1/G0030/session01/T0055G0030S0309.wav,下辈子做你的女人
T0055G0030S0397,data/extracted/c_500/data/category1/G0030/session01/T0055G0030S0397.wav,需要给我找一下附近的
T0055G0030S0410,data/extracted/c_500/data/category1/G0030/session01/T0055G0030S0410.wav,助攻榜篮板板抢断榜之最有哪些
T0055G0030S0258,data/extracted/c_500/data/category1/G0030/session01/T0055G0030S0258.wav,查号鸡东县永安焦化厂
T0055G0030S0425,data/extracted/c_500/data/category1/G0030/session01/T0055G0030S0425.wav,寻找大海的歌词
T0055G0030S0144,data/extracted/c_500/data/category1/G0030/session01/T0055G0030S0144.wav,梦幻西游三十五级去干吗才能最快升级
T0055G0030S0125,data/extracted/c_500/data/category1/G0030/session01/T0055G0030S0125.wav,帮我连接好运来张总
T0055G0030S0495,data/extracted/c_500/data/category1/G0030/session01/T0055G0030S0495.wav,感冒了吃什么药好啊
T0055G0030S0443,data/extracted/c_500/data/category1/G0030/session01/T0055G0030S0443.wav,我老婆欺负我 怎么办呀
T0055G0030S0107,data/extracted/c_500/data/category1/G0030/session01/T0055G0030S0107.wav,发信息给本机
T0055G0030S0259,data/extracted/c_500/data/category1/G0030/session01/T0055G0030S0259.wav,请问蜀源路一号华府金沙申请座机电话在哪申请最近最方便
T0055G0030S0427,data/extracted/c_500/data/category1/G0030/session01/T0055G0030S0427.wav,阅读校草的死丫头
T0055G0030S0256,data/extracted/c_500/data/category1/G0030/session01/T0055G0030S0256.wav,我想听好听的歌曲
T0055G0030S0055,data/extracted/c_500/data/category1/G0030/session01/T0055G0030S0055.wav,恋爱成功的秘诀
T0055G0030S0398,data/extracted/c_500/data/category1/G0030/session01/T0055G0030S0398.wav,我到现在还找不到女朋友
T0055G0030S0147,data/extracted/c_500/data/category1/G0030/session01/T0055G0030S0147.wav,再说一个笑话吧
T0055G0030S0252,data/extracted/c_500/data/category1/G0030/session01/T0055G0030S0252.wav,放一曲梦中的婚礼
T0055G0030S0281,data/extracted/c_500/data/category1/G0030/session01/T0055G0030S0281.wav,行那得明天啊学校没有我得出去发来吧
T0055G0030S0082,data/extracted/c_500/data/category1/G0030/session01/T0055G0030S0082.wav,唱一首王菲的传奇
T0055G0030S0103,data/extracted/c_500/data/category1/G0030/session01/T0055G0030S0103.wav,讲一个成语故事
T0055G0030S0269,data/extracted/c_500/data/category1/G0030/session01/T0055G0030S0269.wav,你换个别的言情小说好吗 不要总是一个
T0055G0030S0423,data/extracted/c_500/data/category1/G0030/session01/T0055G0030S0423.wav,我离我最近的网吧那叫什么名字
T0055G0030S0365,data/extracted/c_500/data/category1/G0030/session01/T0055G0030S0365.wav,我刚才接了谁的电话
T0055G0030S0475,data/extracted/c_500/data/category1/G0030/session01/T0055G0030S0475.wav,我想听一首爱你一万年
T0055G0030S0335,data/extracted/c_500/data/category1/G0030/session01/T0055G0030S0335.wav,给我找一个瘦的女朋友
T0055G0030S0181,data/extracted/c_500/data/category1/G0030/session01/T0055G0030S0181.wav,你的声音不好听你的声音不好听
T0055G0030S0338,data/extracted/c_500/data/category1/G0030/session01/T0055G0030S0338.wav,这几天不是发烧就是咳嗽
T0055G0030S0326,data/extracted/c_500/data/category1/G0030/session01/T0055G0030S0326.wav,语音聊天软件哪个好
T0055G0030S0482,data/extracted/c_500/data/category1/G0030/session01/T0055G0030S0482.wav,常州市客运中心到常州一中怎么走
T0055G0030S0033,data/extracted/c_500/data/category1/G0030/session01/T0055G0030S0033.wav,换一首歌曲
T0055G0030S0026,data/extracted/c_500/data/category1/G0030/session01/T0055G0030S0026.wav,咋不回答了呢
T0055G0030S0392,data/extracted/c_500/data/category1/G0030/session01/T0055G0030S0392.wav,深圳到广州路线怎么走
T0055G0030S0124,data/extracted/c_500/data/category1/G0030/session01/T0055G0030S0124.wav,english翻译成中文
T0055G0030S0275,data/extracted/c_500/data/category1/G0030/session01/T0055G0030S0275.wav,超越梦想一起飞 中国队歌词 我喜欢听
T0055G0030S0343,data/extracted/c_500/data/category1/G0030/session01/T0055G0030S0343.wav,儿歌 爱我你就抱抱我
T0055G0030S0253,data/extracted/c_500/data/category1/G0030/session01/T0055G0030S0253.wav,我现在是什么姿势
T0055G0030S0489,data/extracted/c_500/data/category1/G0030/session01/T0055G0030S0489.wav,小美你还没有睡觉吗
T0055G0030S0421,data/extracted/c_500/data/category1/G0030/session01/T0055G0030S0421.wav,给我播放歌曲爱不完
T0055G0030S0368,data/extracted/c_500/data/category1/G0030/session01/T0055G0030S0368.wav,你的笑话是黄色的
T0055G0030S0249,data/extracted/c_500/data/category1/G0030/session01/T0055G0030S0249.wav,凤凰传奇的歌曲
T0055G0030S0189,data/extracted/c_500/data/category1/G0030/session01/T0055G0030S0189.wav,李克强现在在哪里
T0055G0030S0345,data/extracted/c_500/data/category1/G0030/session01/T0055G0030S0345.wav,而财富不是朋友而朋友却是财富
T0055G0030S0145,data/extracted/c_500/data/category1/G0030/session01/T0055G0030S0145.wav,最近有哪些新的偶像剧主角是谁
T0055G0030S0254,data/extracted/c_500/data/category1/G0030/session01/T0055G0030S0254.wav,赵本山江苏卫视晚会
T0055G0030S0492,data/extracted/c_500/data/category1/G0030/session01/T0055G0030S0492.wav,还有高中同学男的
T0055G0030S0277,data/extracted/c_500/data/category1/G0030/session01/T0055G0030S0277.wav,你上课有那么认真吗
T0055G0030S0086,data/extracted/c_500/data/category1/G0030/session01/T0055G0030S0086.wav,查询其他地区请回复城市区号
T0055G0030S0062,data/extracted/c_500/data/category1/G0030/session01/T0055G0030S0062.wav,是不是一个帅哥
T0055G0030S0484,data/extracted/c_500/data/category1/G0030/session01/T0055G0030S0484.wav,过年的天气预报
T0055G0030S0142,data/extracted/c_500/data/category1/G0030/session01/T0055G0030S0142.wav,咳嗽咳嗽怎么办
T0055G0030S0313,data/extracted/c_500/data/category1/G0030/session01/T0055G0030S0313.wav,二十四周婴儿什么样
T0055G0030S0267,data/extracted/c_500/data/category1/G0030/session01/T0055G0030S0267.wav,北边是在哪儿啊饭店还是KTV
T0055G0030S0452,data/extracted/c_500/data/category1/G0030/session01/T0055G0030S0452.wav,说个笑话给小胖听听
T0055G0030S0225,data/extracted/c_500/data/category1/G0030/session01/T0055G0030S0225.wav,今天到北京的航班
T0055G0030S0058,data/extracted/c_500/data/category1/G0030/session01/T0055G0030S0058.wav,十六点三十提醒我
T0055G0030S0297,data/extracted/c_500/data/category1/G0030/session01/T0055G0030S0297.wav,不跟你聊了你休息吧
T0055G0030S0441,data/extracted/c_500/data/category1/G0030/session01/T0055G0030S0441.wav,播放歌曲 如果你也听说
T0055G0030S0074,data/extracted/c_500/data/category1/G0030/session01/T0055G0030S0074.wav,我想去西天取经
T0055G0030S0243,data/extracted/c_500/data/category1/G0030/session01/T0055G0030S0243.wav,我不知道聊什么
T0055G0030S0209,data/extracted/c_500/data/category1/G0030/session01/T0055G0030S0209.wav,男女的生殖器官有什么区别呢
T0055G0030S0257,data/extracted/c_500/data/category1/G0030/session01/T0055G0030S0257.wav,我们还没有做饭
T0055G0030S0123,data/extracted/c_500/data/category1/G0030/session01/T0055G0030S0123.wav,和我一起睡觉吗
T0055G0030S0380,data/extracted/c_500/data/category1/G0030/session01/T0055G0030S0380.wav,我看到了一个女鬼
T0055G0030S0481,data/extracted/c_500/data/category1/G0030/session01/T0055G0030S0481.wav,名叫李思军的人没有要求你们订飞机票请仔细查对以免造成经济损失
T0055G0030S0271,data/extracted/c_500/data/category1/G0030/session01/T0055G0030S0271.wav,从一九五零到二零零七年有啥重大的事件
T0055G0030S0010,data/extracted/c_500/data/category1/G0030/session01/T0055G0030S0010.wav,六点钟提醒我一下我要去厕所
T0055G0030S0100,data/extracted/c_500/data/category1/G0030/session01/T0055G0030S0100.wav,我要听偶像万万岁
T0055G0030S0448,data/extracted/c_500/data/category1/G0030/session01/T0055G0030S0448.wav,WAP为什么当前不能使用
T0055G0030S0469,data/extracted/c_500/data/category1/G0030/session01/T0055G0030S0469.wav,火星在什么地方
T0055G0030S0039,data/extracted/c_500/data/category1/G0030/session01/T0055G0030S0039.wav,武威李老三火锅在哪号码是
T0055G0030S0394,data/extracted/c_500/data/category1/G0030/session01/T0055G0030S0394.wav,打电话给分析说
T0055G0030S0208,data/extracted/c_500/data/category1/G0030/session01/T0055G0030S0208.wav,钓鱼岛到底是哪个国家的
T0055G0030S0408,data/extracted/c_500/data/category1/G0030/session01/T0055G0030S0408.wav,肯定是那里太冷了吧要不就是火车上冻的
T0055G0030S0348,data/extracted/c_500/data/category1/G0030/session01/T0055G0030S0348.wav,把这一周天气预报一下
T0055G0030S0497,data/extracted/c_500/data/category1/G0030/session01/T0055G0030S0497.wav,帮我查一下河南安阳
T0055G0030S0407,data/extracted/c_500/data/category1/G0030/session01/T0055G0030S0407.wav,记住我叫李先生
T0055G0030S0053,data/extracted/c_500/data/category1/G0030/session01/T0055G0030S0053.wav,能再讲一个黄色笑话吗
T0055G0030S0185,data/extracted/c_500/data/category1/G0030/session01/T0055G0030S0185.wav,怎样包个流量才不要钱而且怎样下载QQ
T0055G0030S0092,data/extracted/c_500/data/category1/G0030/session01/T0055G0030S0092.wav,登录六哲的歌曲
T0055G0030S0390,data/extracted/c_500/data/category1/G0030/session01/T0055G0030S0390.wav,给我找一个女朋友
T0055G0030S0244,data/extracted/c_500/data/category1/G0030/session01/T0055G0030S0244.wav,iphone五现在卖价多少钱
T0055G0030S0155,data/extracted/c_500/data/category1/G0030/session01/T0055G0030S0155.wav,我没看到只是听到而已
T0055G0030S0029,data/extracted/c_500/data/category1/G0030/session01/T0055G0030S0029.wav,唱首歌来听听好吗
T0055G0030S0067,data/extracted/c_500/data/category1/G0030/session01/T0055G0030S0067.wav,清明节是什么时候
T0055G0030S0012,data/extracted/c_500/data/category1/G0030/session01/T0055G0030S0012.wav,莎士比亚多大了
T0055G0030S0292,data/extracted/c_500/data/category1/G0030/session01/T0055G0030S0292.wav,给我播放伤感的歌
T0055G0030S0474,data/extracted/c_500/data/category1/G0030/session01/T0055G0030S0474.wav,楚汉传奇几点开始
T0055G0030S0300,data/extracted/c_500/data/category1/G0030/session01/T0055G0030S0300.wav,唱一首等你一辈子
T0055G0030S0072,data/extracted/c_500/data/category1/G0030/session01/T0055G0030S0072.wav,他们在打牌 小苏又去接人了
T0055G0030S0382,data/extracted/c_500/data/category1/G0030/session01/T0055G0030S0382.wav,我说是你男朋友
T0055G0030S0098,data/extracted/c_500/data/category1/G0030/session01/T0055G0030S0098.wav,有没有什么好看的电影啊推荐给我哈
T0055G0030S0135,data/extracted/c_500/data/category1/G0030/session01/T0055G0030S0135.wav,你是聪明还是笨
T0055G0030S0419,data/extracted/c_500/data/category1/G0030/session01/T0055G0030S0419.wav,推荐好玩儿的游戏
T0055G0030S0437,data/extracted/c_500/data/category1/G0030/session01/T0055G0030S0437.wav,你大姨妈什么时候来
T0055G0030S0468,data/extracted/c_500/data/category1/G0030/session01/T0055G0030S0468.wav,你还知道是你的错啊 我靠
T0055G0030S0260,data/extracted/c_500/data/category1/G0030/session01/T0055G0030S0260.wav,椒江新世纪电影院电影风声场次
T0055G0030S0044,data/extracted/c_500/data/category1/G0030/session01/T0055G0030S0044.wav,小妹你是机器人吗
T0055G0030S0064,data/extracted/c_500/data/category1/G0030/session01/T0055G0030S0064.wav,我看电视了不和你说
T0055G0030S0101,data/extracted/c_500/data/category1/G0030/session01/T0055G0030S0101.wav,习近平去哪里访问
T0055G0030S0376,data/extracted/c_500/data/category1/G0030/session01/T0055G0030S0376.wav,帮我查一下连锁经营
T0055G0030S0066,data/extracted/c_500/data/category1/G0030/session01/T0055G0030S0066.wav,干嘛去了昨晚你睡着了今天又没理我不是还没起吧
T0055G0030S0429,data/extracted/c_500/data/category1/G0030/session01/T0055G0030S0429.wav,亲要不我明天骑单车来接你吧
T0055G0030S0493,data/extracted/c_500/data/category1/G0030/session01/T0055G0030S0493.wav,日向枣和佐仓蜜柑
T0055G0030S0451,data/extracted/c_500/data/category1/G0030/session01/T0055G0030S0451.wav,我就喜欢笑话你
T0055G0030S0359,data/extracted/c_500/data/category1/G0030/session01/T0055G0030S0359.wav,早上七点五十叫我起床
T0055G0030S0424,data/extracted/c_500/data/category1/G0030/session01/T0055G0030S0424.wav,以后叫我
T0055G0030S0483,data/extracted/c_500/data/category1/G0030/session01/T0055G0030S0483.wav,深圳有什么地方好玩的
T0055G0030S0111,data/extracted/c_500/data/category1/G0030/session01/T0055G0030S0111.wav,豌豆笑传多少钱
T0055G0030S0367,data/extracted/c_500/data/category1/G0030/session01/T0055G0030S0367.wav,你能借给我多少钱
T0055G0030S0500,data/extracted/c_500/data/category1/G0030/session01/T0055G0030S0500.wav,卸载chaos
T0055G0030S0455,data/extracted/c_500/data/category1/G0030/session01/T0055G0030S0455.wav,打开淘宝搜索表
T0055G0030S0478,data/extracted/c_500/data/category1/G0030/session01/T0055G0030S0478.wav,唱一首歌名字叫心痛二零零九
T0055G0030S0404,data/extracted/c_500/data/category1/G0030/session01/T0055G0030S0404.wav,你说的什么话呀
T0055G0030S0485,data/extracted/c_500/data/category1/G0030/session01/T0055G0030S0485.wav,顺便问一下怎样查询联通号码的归属地拜托了
T0055G0030S0414,data/extracted/c_500/data/category1/G0030/session01/T0055G0030S0414.wav,下载侠盗猎车手罪恶都市
T0055G0030S0043,data/extracted/c_500/data/category1/G0030/session01/T0055G0030S0043.wav,明天六点五十叫我起床
T0055G0030S0032,data/extracted/c_500/data/category1/G0030/session01/T0055G0030S0032.wav,你咋听不懂我说话
T0055G0030S0293,data/extracted/c_500/data/category1/G0030/session01/T0055G0030S0293.wav,你都会干什么呢
T0055G0030S0347,data/extracted/c_500/data/category1/G0030/session01/T0055G0030S0347.wav,我想我不够爱你
T0055G0030S0385,data/extracted/c_500/data/category1/G0030/session01/T0055G0030S0385.wav,旅游圣地武夷山
T0055G0030S0472,data/extracted/c_500/data/category1/G0030/session01/T0055G0030S0472.wav,今天八点半提醒我有个约会
T0055G0030S0272,data/extracted/c_500/data/category1/G0030/session01/T0055G0030S0272.wav,现在准备继续做事了！
T0055G0030S0136,data/extracted/c_500/data/category1/G0030/session01/T0055G0030S0136.wav,哪里可以找小姐
T0055G0030S0344,data/extracted/c_500/data/category1/G0030/session01/T0055G0030S0344.wav,武汉哪里有鸡店
T0055G0030S0440,data/extracted/c_500/data/category1/G0030/session01/T0055G0030S0440.wav,影碟新专辑爱的大作战
T0055G0030S0223,data/extracted/c_500/data/category1/G0030/session01/T0055G0030S0223.wav,打电话给龙嘉生
T0055G0030S0400,data/extracted/c_500/data/category1/G0030/session01/T0055G0030S0400.wav,几月几日有亚冠军比赛
T0055G0030S0486,data/extracted/c_500/data/category1/G0030/session01/T0055G0030S0486.wav,红烧狗肉怎么做的
T0055G0030S0433,data/extracted/c_500/data/category1/G0030/session01/T0055G0030S0433.wav,无聊怎么办不好玩儿
T0055G0030S0071,data/extracted/c_500/data/category1/G0030/session01/T0055G0030S0071.wav,来首后厨的主题曲
T0055G0030S0156,data/extracted/c_500/data/category1/G0030/session01/T0055G0030S0156.wav,绝对是小惊喜
T0055G0030S0248,data/extracted/c_500/data/category1/G0030/session01/T0055G0030S0248.wav,不好笑重新讲个笑话儿
T0055G0030S0480,data/extracted/c_500/data/category1/G0030/session01/T0055G0030S0480.wav,三月三日下午郑州到北京的航班有哪些?
T0055G0030S0302,data/extracted/c_500/data/category1/G0030/session01/T0055G0030S0302.wav,想吃回锅肉怎么做呀
T0055G0030S0388,data/extracted/c_500/data/category1/G0030/session01/T0055G0030S0388.wav,用安卓市场下载豆瓣儿阅读
T0055G0030S0311,data/extracted/c_500/data/category1/G0030/session01/T0055G0030S0311.wav,那我现在也不开心怎么办
T0055G0030S0093,data/extracted/c_500/data/category1/G0030/session01/T0055G0030S0093.wav,这周周末遵义的天气怎么样
T0055G0030S0334,data/extracted/c_500/data/category1/G0030/session01/T0055G0030S0334.wav,重庆有哪些好玩儿的
T0055G0030S0013,data/extracted/c_500/data/category1/G0030/session01/T0055G0030S0013.wav,江南style
T0055G0030S0049,data/extracted/c_500/data/category1/G0030/session01/T0055G0030S0049.wav,打电话给六二三五五
T0055G0030S0415,data/extracted/c_500/data/category1/G0030/session01/T0055G0030S0415.wav,我说不需要了谢谢
T0055G0030S0054,data/extracted/c_500/data/category1/G0030/session01/T0055G0030S0054.wav,我也觉得是这样
T0055G0030S0360,data/extracted/c_500/data/category1/G0030/session01/T0055G0030S0360.wav,怎么能让你拨电话呢
T0055G0030S0264,data/extracted/c_500/data/category1/G0030/session01/T0055G0030S0264.wav,樟树市摩托车最低售价和售址
T0055G0030S0025,data/extracted/c_500/data/category1/G0030/session01/T0055G0030S0025.wav,明天下午十二点
T0055G0030S0285,data/extracted/c_500/data/category1/G0030/session01/T0055G0030S0285.wav,没空打招呼啦有到学校耶
T0055G0030S0422,data/extracted/c_500/data/category1/G0030/session01/T0055G0030S0422.wav,对不起明天有急事不能回重庆能否换成明天上午的票谢谢
T0055G0030S0294,data/extracted/c_500/data/category1/G0030/session01/T0055G0030S0294.wav,因为家里想我就来了呗
T0055G0030S0186,data/extracted/c_500/data/category1/G0030/session01/T0055G0030S0186.wav,爱一个人不需要任何理由恨一个人却有很多理由
T0055G0030S0438,data/extracted/c_500/data/category1/G0030/session01/T0055G0030S0438.wav,给我讲个笑话来
T0055G0030S0139,data/extracted/c_500/data/category1/G0030/session01/T0055G0030S0139.wav,播放歌曲朋友的酒
T0055G0030S0315,data/extracted/c_500/data/category1/G0030/session01/T0055G0030S0315.wav,放映都市剧
T0055G0030S0498,data/extracted/c_500/data/category1/G0030/session01/T0055G0030S0498.wav,灰太狼的老婆是谁
T0055G0030S0279,data/extracted/c_500/data/category1/G0030/session01/T0055G0030S0279.wav,打开电脑版淘宝网
T0055G0030S0364,data/extracted/c_500/data/category1/G0030/session01/T0055G0030S0364.wav,从天津区哪里可以坐车坐地铁到中信广场
T0055G0030S0290,data/extracted/c_500/data/category1/G0030/session01/T0055G0030S0290.wav,云南南溪到湛江路怎么走
T0055G0030S0088,data/extracted/c_500/data/category1/G0030/session01/T0055G0030S0088.wav,调整手机屏幕亮度
T0055G0030S0412,data/extracted/c_500/data/category1/G0030/session01/T0055G0030S0412.wav,吃饭了没有啊
T0055G0030S0496,data/extracted/c_500/data/category1/G0030/session01/T0055G0030S0496.wav,你就在我面前装纯啊
T0055G0030S0318,data/extracted/c_500/data/category1/G0030/session01/T0055G0030S0318.wav,附近有几家网吧
T0055G0030S0386,data/extracted/c_500/data/category1/G0030/session01/T0055G0030S0386.wav,帮我拨电话出去
T0055G0030S0052,data/extracted/c_500/data/category1/G0030/session01/T0055G0030S0052.wav,不能回答就算了
T0055G0030S0301,data/extracted/c_500/data/category1/G0030/session01/T0055G0030S0301.wav,请问你有屁股吗
T0055G0030S0246,data/extracted/c_500/data/category1/G0030/session01/T0055G0030S0246.wav,怀化市在贵州
T0055G0030S0245,data/extracted/c_500/data/category1/G0030/session01/T0055G0030S0245.wav,监狱不倒我不学好
T0055G0030S0063,data/extracted/c_500/data/category1/G0030/session01/T0055G0030S0063.wav,现在有什么音乐可以听
T0055G0030S0413,data/extracted/c_500/data/category1/G0030/session01/T0055G0030S0413.wav,我的女儿生病了
T0055G0030S0286,data/extracted/c_500/data/category1/G0030/session01/T0055G0030S0286.wav,下周几温度最高
T0055G0030S0237,data/extracted/c_500/data/category1/G0030/session01/T0055G0030S0237.wav,中国用英语怎么拼了
T0055G0030S0210,data/extracted/c_500/data/category1/G0030/session01/T0055G0030S0210.wav,播放歌曲古灵精怪
T0055G0030S0461,data/extracted/c_500/data/category1/G0030/session01/T0055G0030S0461.wav,今天什么日子啊
T0055G0030S0096,data/extracted/c_500/data/category1/G0030/session01/T0055G0030S0096.wav,有点失眠怎么办
T0055G0030S0289,data/extracted/c_500/data/category1/G0030/session01/T0055G0030S0289.wav,我想看看你长什么样子
T0055G0030S0491,data/extracted/c_500/data/category1/G0030/session01/T0055G0030S0491.wav,浣花洗剑录谢霆锋伊能静
T0055G0030S0011,data/extracted/c_500/data/category1/G0030/session01/T0055G0030S0011.wav,帮我找一下有什么
T0055G0030S0329,data/extracted/c_500/data/category1/G0030/session01/T0055G0030S0329.wav,动画片喜羊羊和灰太狼中蛋蛋的口头语是什么
T0055G0030S0327,data/extracted/c_500/data/category1/G0030/session01/T0055G0030S0327.wav,没有来电语音播报功能吗
T0055G0030S0166,data/extracted/c_500/data/category1/G0030/session01/T0055G0030S0166.wav,我要你妈妈陪我睡觉
T0055G0030S0037,data/extracted/c_500/data/category1/G0030/session01/T0055G0030S0037.wav,我的网速怎么样
T0055G0030S0278,data/extracted/c_500/data/category1/G0030/session01/T0055G0030S0278.wav,手机拨号儿李嘉诚
T0055G0030S0274,data/extracted/c_500/data/category1/G0030/session01/T0055G0030S0274.wav,你是怎么知道的
T0055G0030S0283,data/extracted/c_500/data/category1/G0030/session01/T0055G0030S0283.wav,我喜欢iphone
T0055G0030S0454,data/extracted/c_500/data/category1/G0030/session01/T0055G0030S0454.wav,哪里有好一点的饭店啊
T0055G0030S0009,data/extracted/c_500/data/category1/G0030/session01/T0055G0030S0009.wav,六点三十分起床
T0055G0030S0180,data/extracted/c_500/data/category1/G0030/session01/T0055G0030S0180.wav,制定日程计划
T0055G0030S0050,data/extracted/c_500/data/category1/G0030/session01/T0055G0030S0050.wav,二月二十四到乌鲁木齐的火车车次
T0055G0030S0372,data/extracted/c_500/data/category1/G0030/session01/T0055G0030S0372.wav,你换一种说话的方式
T0055G0030S0117,data/extracted/c_500/data/category1/G0030/session01/T0055G0030S0117.wav,网速为什么这么差
T0055G0030S0465,data/extracted/c_500/data/category1/G0030/session01/T0055G0030S0465.wav,零点一乘四十九
T0055G0030S0065,data/extracted/c_500/data/category1/G0030/session01/T0055G0030S0065.wav,脱光衣服就是come on baby fuck me
T0055G0030S0115,data/extracted/c_500/data/category1/G0030/session01/T0055G0030S0115.wav,你觉得哪个男明星最帅
T0055G0030S0340,data/extracted/c_500/data/category1/G0030/session01/T0055G0030S0340.wav,你猜我在想什么
T0055G0030S0312,data/extracted/c_500/data/category1/G0030/session01/T0055G0030S0312.wav,下载列车时刻表
T0055G0030S0378,data/extracted/c_500/data/category1/G0030/session01/T0055G0030S0378.wav,给我找一首红尘情歌儿
T0055G0030S0320,data/extracted/c_500/data/category1/G0030/session01/T0055G0030S0320.wav,一二三四五六七减三二五六七等于多少
T0055G0030S0077,data/extracted/c_500/data/category1/G0030/session01/T0055G0030S0077.wav,公司营业执照的正、副本具有相同的法律效力吗
T0055G0030S0304,data/extracted/c_500/data/category1/G0030/session01/T0055G0030S0304.wav,肝硬化病人能生存多久
T0055G0030S0228,data/extracted/c_500/data/category1/G0030/session01/T0055G0030S0228.wav,青春偶像剧不良校花剧情
T0055G0030S0090,data/extracted/c_500/data/category1/G0030/session01/T0055G0030S0090.wav,启动练习语音助手
T0055G0030S0120,data/extracted/c_500/data/category1/G0030/session01/T0055G0030S0120.wav,四川蓬安在哪里
T0055G0030S0231,data/extracted/c_500/data/category1/G0030/session01/T0055G0030S0231.wav,稍微关小一点音量
T0055G0030S0357,data/extracted/c_500/data/category1/G0030/session01/T0055G0030S0357.wav,你今晚老是说话说一半儿
T0055G0030S0308,data/extracted/c_500/data/category1/G0030/session01/T0055G0030S0308.wav,现在的温度是几度
T0055G0030S0280,data/extracted/c_500/data/category1/G0030/session01/T0055G0030S0280.wav,明天西安的天气
T0055G0030S0141,data/extracted/c_500/data/category1/G0030/session01/T0055G0030S0141.wav,你给我查话费余额
T0055G0030S0295,data/extracted/c_500/data/category1/G0030/session01/T0055G0030S0295.wav,dnf白色废虚能报什么装备暗精灵墓地呢
T0055G0030S0255,data/extracted/c_500/data/category1/G0030/session01/T0055G0030S0255.wav,去攀枝花怎么走
T0055G0030S0445,data/extracted/c_500/data/category1/G0030/session01/T0055G0030S0445.wav,好吧 那你赶快睡觉吧 晚安
T0055G0030S0317,data/extracted/c_500/data/category1/G0030/session01/T0055G0030S0317.wav,吃了你
T0055G0030S0396,data/extracted/c_500/data/category1/G0030/session01/T0055G0030S0396.wav,给我读一下新闻
T0055G0030S0477,data/extracted/c_500/data/category1/G0030/session01/T0055G0030S0477.wav,北京市中科技园
T0055G0030S0262,data/extracted/c_500/data/category1/G0030/session01/T0055G0030S0262.wav,拨号幺三二三八三六幺三幺四
T0055G0030S0458,data/extracted/c_500/data/category1/G0030/session01/T0055G0030S0458.wav,讲个经典的笑话
T0055G0030S0417,data/extracted/c_500/data/category1/G0030/session01/T0055G0030S0417.wav,查一下川大科技园职业技能学院的简介
T0055G0030S0138,data/extracted/c_500/data/category1/G0030/session01/T0055G0030S0138.wav,唉每天都在浪费时间虚度光阴自己都鄙视自己啦
T0055G0030S0456,data/extracted/c_500/data/category1/G0030/session01/T0055G0030S0456.wav,郑州市骨科医院
T0055G0030S0056,data/extracted/c_500/data/category1/G0030/session01/T0055G0030S0056.wav,查找摩托车游戏
T0055G0030S0134,data/extracted/c_500/data/category1/G0030/session01/T0055G0030S0134.wav,你都知道些什么
T0055G0030S0373,data/extracted/c_500/data/category1/G0030/session01/T0055G0030S0373.wav,请问从广到深圳多长时间
T0055G0030S0087,data/extracted/c_500/data/category1/G0030/session01/T0055G0030S0087.wav,你心里在想什么
T0055G0030S0287,data/extracted/c_500/data/category1/G0030/session01/T0055G0030S0287.wav,打开听听中心设置
T0055G0030S0405,data/extracted/c_500/data/category1/G0030/session01/T0055G0030S0405.wav,神经官能症会不会引起眼睛出现问题
